post_uri,posted_at,text
at://did:plc:7kix7wonxqkwiyb2r3ygxw5q/app.bsky.feed.post/3mulhck6m4k22,2026-09-03T02:57:46.321Z,"Casually pouring a bag of shredded cheese in my mouth, because really, is there any other way?"
at://did:plc:7kix7wonxqkwiyb2r3ygxw5q/app.bsky.feed.post/3mulewkmo5k22,2026-09-03T02:15:16.647Z,It sure has! Sleep well!!
at://did:plc:7kix7wonxqkwiyb2r3ygxw5q/app.bsky.feed.post/3muleujj5cc2i,2026-09-03T02:14:08.371Z,Yep. Absolutely 😊
at://did:plc:7kix7wonxqkwiyb2r3ygxw5q/app.bsky.feed.post/3mulejvnpms22,2026-09-03T02:08:12.008Z,"True, true. I feel this."
at://did:plc:7kix7wonxqkwiyb2r3ygxw5q/app.bsky.feed.post/3muleiix7b22x,2026-09-03T02:07:25.131Z,Bless you 🙏
at://did:plc:7kix7wonxqkwiyb2r3ygxw5q/app.bsky.feed.post/3muleddl6js2x,2026-09-03T02:04:31.719Z,I'm way familiar with the dialects around Rhineland-Pfalz. Anywhere else I need to listen more carefully.
at://did:plc:7kix7wonxqkwiyb2r3ygxw5q/app.bsky.feed.post/3mule2bmbq222,2026-09-03T01:59:27.671Z,"I did not know that. Pretty cool. I have never actually heard it at length, but yeah, I already know I wouldn't have an ear for it. Swiss German is hard enough for me."
at://did:plc:7kix7wonxqkwiyb2r3ygxw5q/app.bsky.feed.post/3muldpjsypk2x,2026-09-03T01:53:27.181Z,Whoa. Schrödinger's Shawarma.
at://did:plc:7kix7wonxqkwiyb2r3ygxw5q/app.bsky.feed.post/3muldfz4xqc2k,2026-09-03T01:48:07.673Z,I wouldn't even be able to begin understanding Rumantsch
at://did:plc:7kix7wonxqkwiyb2r3ygxw5q/app.bsky.feed.post/3muldbkztwc2z,2026-09-03T01:45:38.676Z,Fun... yes... 😅
at://did:plc:7kix7wonxqkwiyb2r3ygxw5q/app.bsky.feed.post/3mulcy2dl522h,2026-09-03T01:40:19.195Z,"Oh, I can believe it. It's practically indecipherable unless you have an ear for it"
at://did:plc:7kix7wonxqkwiyb2r3ygxw5q/app.bsky.feed.post/3mulcwd2cwc2h,2026-09-03T01:39:21.210Z,👀 Lmfao 🤣🤣
at://did:plc:7kix7wonxqkwiyb2r3ygxw5q/app.bsky.feed.post/3mulcckkyps2b,2026-09-03T01:28:18.002Z,"To be fair, that's a pretty interesting pair of words to be that close together in language"
at://did:plc:7kix7wonxqkwiyb2r3ygxw5q/app.bsky.feed.post/3mulc4s2dis2x,2026-09-03T01:25:04.535Z,Philosopher:  What shawarma?
at://did:plc:7kix7wonxqkwiyb2r3ygxw5q/app.bsky.feed.post/3mulbzjil2c2x,2026-09-03T01:23:14.873Z,STOP THE PRESSES!
at://did:plc:7kix7wonxqkwiyb2r3ygxw5q/app.bsky.feed.post/3mulbswco4k2a,2026-09-03T01:19:33.452Z,"Can't, giving my cat an anal bleaching.

... don't look at me like that, he requested it."
at://did:plc:7kix7wonxqkwiyb2r3ygxw5q/app.bsky.feed.post/3mulbmppsnk26,2026-09-03T01:16:05.221Z,Warning: may cause chronic flatulence of the brain
at://did:plc:7kix7wonxqkwiyb2r3ygxw5q/app.bsky.feed.post/3mulbcwvogk26,2026-09-03T01:10:37.202Z,"""Where two or more gather, there I will be also.""
The Gospel of Bluesky mods, Chapter Dog, Verse Pile"
at://did:plc:7kix7wonxqkwiyb2r3ygxw5q/app.bsky.feed.post/3mulayknosc2v,2026-09-03T01:04:48.820Z,"What if I pile my dogs like Pick Up Sticks? Just an innocent, family-friendly game."
at://did:plc:7kix7wonxqkwiyb2r3ygxw5q/app.bsky.feed.post/3mulaqvcuac2v,2026-09-03T01:00:31.556Z,Today my chicken nuggets start their first day of school... soon they'll be chicken tendies and I'll be so proud of them *wipes a tear*
at://did:plc:7kix7wonxqkwiyb2r3ygxw5q/app.bsky.feed.post/3mulacrbxbs2k,2026-09-03T00:52:37.554Z,Now I want to be on that list!!! No fair!
at://did:plc:7kix7wonxqkwiyb2r3ygxw5q/app.bsky.feed.post/3mul7d7bldc26,2026-09-03T00:34:58.491Z,"Years ago, I was an exchange student in Germany and wanted to tell my host dad it was humid outside.

I fucked up an umlaut. Totally innocently. 

I told him it was homosexual outside.

He laughed."
at://did:plc:7kix7wonxqkwiyb2r3ygxw5q/app.bsky.feed.post/3mul6s4mnvc22,2026-09-03T00:25:25.293Z,Its all by air travel. Not actually driving. Mostly.
at://did:plc:7kix7wonxqkwiyb2r3ygxw5q/app.bsky.feed.post/3mul67onlz22v,2026-09-03T00:15:06.667Z,"Power move, dad. Well struck."
at://did:plc:7kix7wonxqkwiyb2r3ygxw5q/app.bsky.feed.post/3mul667ghks2v,2026-09-03T00:14:17.139Z,"Road trip in 2 days! Korea, then the Carolinas!!!"
at://did:plc:7kix7wonxqkwiyb2r3ygxw5q/app.bsky.feed.post/3mul4yi7oyk22,2026-09-02T23:53:11.299Z,"And holy shit, thanks to the folks who want to make my shitposts political when that was absolutely not the intent. I don't want to detach quotes, but I will keep a historical record."
at://did:plc:7kix7wonxqkwiyb2r3ygxw5q/app.bsky.feed.post/3mul4glsljs22,2026-09-02T23:43:11.084Z,"When you're right, you're right."
at://did:plc:7kix7wonxqkwiyb2r3ygxw5q/app.bsky.feed.post/3mul3uyc6gc22,2026-09-02T23:33:20.185Z,"The absolute smugness in my delivery of this line to the ex tonight after she goes psycho about ""who I am allowed to interact with""

*chef's kiss*"
at://did:plc:7kix7wonxqkwiyb2r3ygxw5q/app.bsky.feed.post/3mukyhoyzps2p,2026-09-02T22:32:13.020Z,Pathetic.
at://did:plc:7kix7wonxqkwiyb2r3ygxw5q/app.bsky.feed.post/3mukxwiim522o,2026-09-02T22:22:35.773Z,Nailed it.
at://did:plc:7kix7wonxqkwiyb2r3ygxw5q/app.bsky.feed.post/3mukxlovkic2o,2026-09-02T22:16:33.389Z,"15 (gardening): Hey Dad, why can't you tell a garden your secrets?
Me: If you say because the corn has ears and the beans talk, I'm yeeting you into the Sun.
15 (stunned, horrified): B-b-b-because it's just not a good idea (stares at the ground, continues gardening)"
at://did:plc:7kix7wonxqkwiyb2r3ygxw5q/app.bsky.feed.post/3mukx7ssxec2o,2026-09-02T22:09:54.841Z,"What do you call an airplane that won't fly?

I don't know, but I bet he's grounded."
at://did:plc:7kix7wonxqkwiyb2r3ygxw5q/app.bsky.feed.post/3mukwtzpzr22n,2026-09-02T22:03:19.431Z,"Me: If a butterfly loses its wings what do you call it?
15: A butterwalk?
Me: No. Dead."
at://did:plc:7kix7wonxqkwiyb2r3ygxw5q/app.bsky.feed.post/3mukw3r4grs22,2026-09-02T21:49:45.087Z,I can just pilfer the snack cart in Business Class. They don't mind.
at://did:plc:7kix7wonxqkwiyb2r3ygxw5q/app.bsky.feed.post/3mukvx3gx4c22,2026-09-02T21:47:08.155Z,"I mean, that's the point. Watchu want?"
at://did:plc:7kix7wonxqkwiyb2r3ygxw5q/app.bsky.feed.post/3mukvseywbs2p,2026-09-02T21:44:30.411Z,Taunting the order box is a McFelony...
at://did:plc:7kix7wonxqkwiyb2r3ygxw5q/app.bsky.feed.post/3mukvaigros2p,2026-09-02T21:34:30.030Z,Imagine hating me and I'm just over here stalking your meals on the media tab.
at://did:plc:7kix7wonxqkwiyb2r3ygxw5q/app.bsky.feed.post/3mukv36lym22p,2026-09-02T21:31:31.945Z,Plus I'll pack snacks.
at://did:plc:7kix7wonxqkwiyb2r3ygxw5q/app.bsky.feed.post/3mukuzvlvcc2p,2026-09-02T21:30:48.944Z,"I love free speech.

Especially the part where you're free to speak and the algorithm is free to decide whether anyone gives a shit"
at://did:plc:7kix7wonxqkwiyb2r3ygxw5q/app.bsky.feed.post/3mukt5z6m4k2g,2026-09-02T20:57:19.441Z,"Careful, the floor just jumps at ya if you let it"
at://did:plc:7kix7wonxqkwiyb2r3ygxw5q/app.bsky.feed.post/3mukszerv522g,2026-09-02T20:54:43.837Z,Of course she is 😅
at://did:plc:7kix7wonxqkwiyb2r3ygxw5q/app.bsky.feed.post/3muksymlnqk2g,2026-09-02T20:54:18.465Z,Who wants to go to Korea with me next week? I have extra space in my carry-on luggage if you don't mind tight spaces
at://did:plc:7kix7wonxqkwiyb2r3ygxw5q/app.bsky.feed.post/3mukskocmlc2g,2026-09-02T20:46:30.506Z,Good choices all around!
at://did:plc:7kix7wonxqkwiyb2r3ygxw5q/app.bsky.feed.post/3muksjf2ra22g,2026-09-02T20:45:47.249Z,"I heard someone say ""spaghettification"" and I thought they said ""spaghetti vacation"" and I responded, ""Ooh, I want that."" Long story short, they're sending me to a black hole next week"
at://did:plc:7kix7wonxqkwiyb2r3ygxw5q/app.bsky.feed.post/3mukqw53n722r,2026-09-02T20:17:07.614Z,"Do y'all still get a jump scare making popcorn, or are you normal?"
at://did:plc:7kix7wonxqkwiyb2r3ygxw5q/app.bsky.feed.post/3mukqmgrmhc26,2026-09-02T20:11:42.209Z,"If I find you in my house, I'll just assume the cat brought home a friend"
at://did:plc:7kix7wonxqkwiyb2r3ygxw5q/app.bsky.feed.post/3mukpncydy226,2026-09-02T19:54:18.042Z,"Me: *pops gas cap*
Car alert msg: To unlock gas tank, please subscribe to Gas Refueling Plan
Me (irritated): What? I bought the damn car! I'm calling Toyota
Customer Service: To file a complaint, please subscribe to our 'Customer Compliant' service
Me: *screams*
CS: To scream into the void...."
at://did:plc:7kix7wonxqkwiyb2r3ygxw5q/app.bsky.feed.post/3muki3giv3s22,2026-09-02T17:39:01.588Z,Supergluing glass shards to a wooden skewer and selling it as rock candy
at://did:plc:7kix7wonxqkwiyb2r3ygxw5q/app.bsky.feed.post/3mukgwxxj2k22,2026-09-02T17:18:38.378Z,"*walks into a three-star Michelin restaurant*
Serve me a corndog, you cowards!!"
at://did:plc:7kix7wonxqkwiyb2r3ygxw5q/app.bsky.feed.post/3mukg4fmi4s2o,2026-09-02T17:03:46.727Z,"Its been done before, years ago. That's a hell of a venue."
at://did:plc:7kix7wonxqkwiyb2r3ygxw5q/app.bsky.feed.post/3mukfqcc5xk2o,2026-09-02T16:57:00.563Z,"Ah, yes, food-motivated. I gues I need to stock up on more of your favorites."
at://did:plc:7kix7wonxqkwiyb2r3ygxw5q/app.bsky.feed.post/3mukdco4h522s,2026-09-02T16:13:35.736Z,"Nobody tells you this, but you really should tenderize your drywall first"
at://did:plc:7kix7wonxqkwiyb2r3ygxw5q/app.bsky.feed.post/3mukczr5dmc2s,2026-09-02T16:08:36.913Z,"Fanny pack? Oh, you mean my bacon holder. Yeah, she's a beaut, ain't she?"
at://did:plc:7kix7wonxqkwiyb2r3ygxw5q/app.bsky.feed.post/3mukcftzw5k2s,2026-09-02T15:57:28.868Z,"My ghost costume is a fitted sheet with BBQ sauce stains on it, in case you want to copy this amazing idea for Halloween"
at://did:plc:7kix7wonxqkwiyb2r3ygxw5q/app.bsky.feed.post/3muk6wuot2c2e,2026-09-02T14:55:25.010Z,"My grocery store adds 10% to the shelf price.

I assume that's the part where they start flirting with me."
at://did:plc:7kix7wonxqkwiyb2r3ygxw5q/app.bsky.feed.post/3muk3sl5etc2s,2026-09-02T13:59:19.559Z,"*Jack Skellington pops up as whitish flakes begin falling from the sky*
What's this? What's this?

It's wildfire ash. Stop trying to catch it on your tongue."
at://did:plc:7kix7wonxqkwiyb2r3ygxw5q/app.bsky.feed.post/3mujzn2h6vc2w,2026-09-02T13:20:26.802Z,Trademark it
at://did:plc:7kix7wonxqkwiyb2r3ygxw5q/app.bsky.feed.post/3mujzkiu7522w,2026-09-02T13:19:01.235Z,I'm hunting chowdah.... be vewwy quiet... hehehehehe
at://did:plc:7kix7wonxqkwiyb2r3ygxw5q/app.bsky.feed.post/3mujypq275s2v,2026-09-02T13:04:02.807Z,Pumpkin spice anxiety attack
at://did:plc:7kix7wonxqkwiyb2r3ygxw5q/app.bsky.feed.post/3mujx2wdpcc2v,2026-09-02T12:34:31.029Z,Engineering is just finding increasingly expensive ways to say “probably.”
at://did:plc:7kix7wonxqkwiyb2r3ygxw5q/app.bsky.feed.post/3mujwqne5hk2v,2026-09-02T12:28:46.060Z,My morning routine is mostly just making increasingly worse decisions in sequence
at://did:plc:7kix7wonxqkwiyb2r3ygxw5q/app.bsky.feed.post/3muiw736hvk2j,2026-09-02T02:46:16.814Z,Not exactly. Maybe a little. But the lasagna was so good.
at://did:plc:7kix7wonxqkwiyb2r3ygxw5q/app.bsky.feed.post/3muivmzyqnk2u,2026-09-02T02:36:11.610Z,What if the snacks wanted us all along?
at://did:plc:7kix7wonxqkwiyb2r3ygxw5q/app.bsky.feed.post/3muiuxfdiks2m,2026-09-02T02:24:05.309Z,A little each day to keep active is sufficient
at://did:plc:7kix7wonxqkwiyb2r3ygxw5q/app.bsky.feed.post/3muiuhwxjck2g,2026-09-02T02:15:26.922Z,"And I found them. But seriously, good job!"
at://did:plc:7kix7wonxqkwiyb2r3ygxw5q/app.bsky.feed.post/3muiubpecok2g,2026-09-02T02:11:57.622Z,The fun part is finding where.
at://did:plc:7kix7wonxqkwiyb2r3ygxw5q/app.bsky.feed.post/3muitonxvyc2h,2026-09-02T02:01:18.637Z,"Looking at old photo albums and commenting ""you see him, too, right?"""
at://did:plc:7kix7wonxqkwiyb2r3ygxw5q/app.bsky.feed.post/3muitk657u22h,2026-09-02T01:58:47.813Z,One too many helium balloons sucked dry is no way to go livin' your life son...
at://did:plc:7kix7wonxqkwiyb2r3ygxw5q/app.bsky.feed.post/3muisarrhj22o,2026-09-02T01:35:39.115Z,Seductively.
at://did:plc:7kix7wonxqkwiyb2r3ygxw5q/app.bsky.feed.post/3muis32xszs2o,2026-09-02T01:32:27.418Z,
at://did:plc:7kix7wonxqkwiyb2r3ygxw5q/app.bsky.feed.post/3muir7wtvys23,2026-09-02T01:17:17.132Z,Social media sucks sometimes. I feel ya. 🫂
at://did:plc:7kix7wonxqkwiyb2r3ygxw5q/app.bsky.feed.post/3muir45c4ek2i,2026-09-02T01:15:09.657Z,"Phone book? What's  a phone book?

*gets slammed in the face with a phone book*

Ohhhh, a phone book

*collapses*"
at://did:plc:7kix7wonxqkwiyb2r3ygxw5q/app.bsky.feed.post/3muiqhqv5uk2a,2026-09-02T01:03:45.573Z,Seductively fighting indigestion
at://did:plc:7kix7wonxqkwiyb2r3ygxw5q/app.bsky.feed.post/3muiqd563bc2c,2026-09-02T01:01:10.689Z,
at://did:plc:7kix7wonxqkwiyb2r3ygxw5q/app.bsky.feed.post/3muiq7unzis2c,2026-09-02T00:59:21.075Z,How's your Tuesday night going?
at://did:plc:7kix7wonxqkwiyb2r3ygxw5q/app.bsky.feed.post/3muipkgzit225,2026-09-02T00:47:22.162Z,Never go full Garfield. Despite what that lasagna tells you. Never. Go. Full. Garfield.
at://did:plc:7kix7wonxqkwiyb2r3ygxw5q/app.bsky.feed.post/3muii7l74ps26,2026-09-01T22:36:01.227Z,"I'm like a genie's bottle, but if you rub my belly, you'll only release methane from its 3000-year slumber"
at://did:plc:7kix7wonxqkwiyb2r3ygxw5q/app.bsky.feed.post/3muidkgl2sc2v,2026-09-01T21:12:36.787Z,It's soup season. Who wants to help me set up my traps?
at://did:plc:7kix7wonxqkwiyb2r3ygxw5q/app.bsky.feed.post/3muicvupv422v,2026-09-01T21:01:06.983Z,But I wanted a peanut!
at://did:plc:7kix7wonxqkwiyb2r3ygxw5q/app.bsky.feed.post/3muicqf7gk22v,2026-09-01T20:58:02.943Z,"Ooh ooh , lemme be the yellow guy in this dog pile!"
at://did:plc:7kix7wonxqkwiyb2r3ygxw5q/app.bsky.feed.post/3muicljczn22v,2026-09-01T20:55:19.485Z,How could I be? *I'M* locked in a bathtub.
at://did:plc:7kix7wonxqkwiyb2r3ygxw5q/app.bsky.feed.post/3muicjqy4bk2v,2026-09-01T20:54:20.383Z,"Force-feeding me candy corn is quite a kink, but I think I'll Pgnvmhbhnvmgngvmbnhn......"
at://did:plc:7kix7wonxqkwiyb2r3ygxw5q/app.bsky.feed.post/3muiavdn4o22u,2026-09-01T20:25:01.552Z,"Guys, guys, pumpkin spice ramen, isn't it great?! This'll be.... GUYS?!!"
at://did:plc:7kix7wonxqkwiyb2r3ygxw5q/app.bsky.feed.post/3mui3kepwsc2d,2026-09-01T18:49:24.911Z,"Have you heard the new werewolf podcast, Lycan Subscribe?"
at://did:plc:7kix7wonxqkwiyb2r3ygxw5q/app.bsky.feed.post/3muhylchnec2s,2026-09-01T17:56:14.876Z,"🎶Sugar, doot doo doot doo doo doo......🎶"
at://did:plc:7kix7wonxqkwiyb2r3ygxw5q/app.bsky.feed.post/3muhxfbchdk2q,2026-09-01T17:34:58.577Z,"Live your life like the elevator ""close door"" button. Look shiny and promising, make people feel good, but don't actually serve any useful function, otherwise people will keep pushing you and expecting results."
at://did:plc:7kix7wonxqkwiyb2r3ygxw5q/app.bsky.feed.post/3muhwvw6dd22s,2026-09-01T17:26:23.593Z,"Oh, this guy's trouble..."
at://did:plc:7kix7wonxqkwiyb2r3ygxw5q/app.bsky.feed.post/3muhv5jiuvk2y,2026-09-01T16:54:51.252Z,"Ok, for the next five minutes, NO SQUANCHING. I'll be back. It'll be okay."
at://did:plc:7kix7wonxqkwiyb2r3ygxw5q/app.bsky.feed.post/3muhuc4525c2f,2026-09-01T16:39:31.281Z,Steiny
at://did:plc:7kix7wonxqkwiyb2r3ygxw5q/app.bsky.feed.post/3muhua2tyjs2f,2026-09-01T16:38:22.810Z,My cat is looking at me like he'll smother me first chance he gets. Guess I'm sleeping with one eye open now...
at://did:plc:7kix7wonxqkwiyb2r3ygxw5q/app.bsky.feed.post/3muhu4dn4ec2r,2026-09-01T16:36:17.785Z,Guess I'll just be lookin' at a thing in a bag for the rest of the day...
at://did:plc:7kix7wonxqkwiyb2r3ygxw5q/app.bsky.feed.post/3mulplv27oc2c,2026-09-03T05:26:09.616Z,"It’s midnight. If you’re still making terrible decisions, at least have the decency to make them quietly."
at://did:plc:7kix7wonxqkwiyb2r3ygxw5q/app.bsky.feed.post/3mulnvwtyms22,2026-09-03T04:55:59.592Z,Noted. Sticking with the corndogs.
at://did:plc:7kix7wonxqkwiyb2r3ygxw5q/app.bsky.feed.post/3mulnnuvcac22,2026-09-03T04:51:29.102Z,"Wouldn't be surprised, honestly."
at://did:plc:7kix7wonxqkwiyb2r3ygxw5q/app.bsky.feed.post/3mulnbsb6z222,2026-09-03T04:44:43.693Z,One hopes
at://did:plc:7kix7wonxqkwiyb2r3ygxw5q/app.bsky.feed.post/3mumggdrxys2c,2026-09-03T12:14:39.823Z,My mental health has entered its “we’ll see what happens” era.
at://did:plc:7kix7wonxqkwiyb2r3ygxw5q/app.bsky.feed.post/3mumg4umhr222,2026-09-03T12:09:21.929Z,Coffee: because apparently “murder everyone” is frowned upon before 8 a.m.
at://did:plc:7kix7wonxqkwiyb2r3ygxw5q/app.bsky.feed.post/3mumkiloivk25,2026-09-03T13:27:30.182Z,"A weighted blanket, but it's just you sitting on my face"
at://did:plc:7kix7wonxqkwiyb2r3ygxw5q/app.bsky.feed.post/3mumkfeh7t225,2026-09-03T13:25:41.940Z,"They won't suspend me, I know where in the world Carmen Sandiego is."
at://did:plc:7kix7wonxqkwiyb2r3ygxw5q/app.bsky.feed.post/3mumk5krpr225,2026-09-03T13:21:20.138Z,"Casually getting hit by a bus, just to feel something"
at://did:plc:7kix7wonxqkwiyb2r3ygxw5q/app.bsky.feed.post/3mumlcgvxss2s,2026-09-03T13:41:57.600Z,Putting in earplugs so my brain can't escape
at://did:plc:7kix7wonxqkwiyb2r3ygxw5q/app.bsky.feed.post/3muml5htp5c2s,2026-09-03T13:39:10.802Z,I use a whisk.
at://did:plc:7kix7wonxqkwiyb2r3ygxw5q/app.bsky.feed.post/3mumkzyn54k2s,2026-09-03T13:37:14.192Z,Cool! Bonus!
at://did:plc:7kix7wonxqkwiyb2r3ygxw5q/app.bsky.feed.post/3mummynlji22e,2026-09-03T14:12:16.536Z,🤣🤣🤣
at://did:plc:7kix7wonxqkwiyb2r3ygxw5q/app.bsky.feed.post/3mummp2xmz22e,2026-09-03T14:06:55.020Z,"As long as it has mass and momentum, I'm game."
at://did:plc:7kix7wonxqkwiyb2r3ygxw5q/app.bsky.feed.post/3mummnhlrik2e,2026-09-03T14:06:01.155Z,"I won't be horseback riding today, I've lost my coconut shells"
at://did:plc:7kix7wonxqkwiyb2r3ygxw5q/app.bsky.feed.post/3mummionyvs2e,2026-09-03T14:03:20.795Z,So you’re telling me this bread is made from monkeys?
at://did:plc:7kix7wonxqkwiyb2r3ygxw5q/app.bsky.feed.post/3mump3kgg6k2f,2026-09-03T14:49:41.351Z,Yep! That's another one!!
at://did:plc:7kix7wonxqkwiyb2r3ygxw5q/app.bsky.feed.post/3mumrgwsils22,2026-09-03T15:31:50.931Z,Shoulda named my cat Eureka.🤮
at://did:plc:7kix7wonxqkwiyb2r3ygxw5q/app.bsky.feed.post/3mumtvmjk422f,2026-09-03T16:15:50.953Z,"An action movie in the toilet bowl, in other words"
at://did:plc:7kix7wonxqkwiyb2r3ygxw5q/app.bsky.feed.post/3mumtq7bjvk2f,2026-09-03T16:12:49.284Z,Forgot the words for 'action movie' and just called it a 'boom boom runny shoot'
at://did:plc:7kix7wonxqkwiyb2r3ygxw5q/app.bsky.feed.post/3mumsyao32s22,2026-09-03T15:59:25.440Z,Bring a flashlight
at://did:plc:7kix7wonxqkwiyb2r3ygxw5q/app.bsky.feed.post/3mumueitn6c2f,2026-09-03T16:24:10.406Z,
at://did:plc:7kix7wonxqkwiyb2r3ygxw5q/app.bsky.feed.post/3mumu7rtn5k2f,2026-09-03T16:21:32.070Z,Would an obsessed person do this?
at://did:plc:7kix7wonxqkwiyb2r3ygxw5q/app.bsky.feed.post/3mumu5vcoq22f,2026-09-03T16:20:28.597Z,@buickmakane71.bsky.social is this accurate?
at://did:plc:7kix7wonxqkwiyb2r3ygxw5q/app.bsky.feed.post/3mun36uy5mk27,2026-09-03T18:26:18.003Z,But then where would you bury the survivors?
at://did:plc:7kix7wonxqkwiyb2r3ygxw5q/app.bsky.feed.post/3mun2xa2toc27,2026-09-03T18:22:01.189Z,"4: I know how they make volcanoes. They just find a mountain and pour a lot of ketchup on it. 
Me: Brilliant, as always."
at://did:plc:7kix7wonxqkwiyb2r3ygxw5q/app.bsky.feed.post/3mun2ur4zis27,2026-09-03T18:20:38.407Z,"These things? Ok, but I'ma warn you, they're hairy"
at://did:plc:7kix7wonxqkwiyb2r3ygxw5q/app.bsky.feed.post/3mun4b4q5hs2k,2026-09-03T18:45:26.965Z,
at://did:plc:7kix7wonxqkwiyb2r3ygxw5q/app.bsky.feed.post/3mun45bebgs2x,2026-09-03T18:43:17.616Z,"""Goddamn fingers that I don't have..."""
at://did:plc:7kix7wonxqkwiyb2r3ygxw5q/app.bsky.feed.post/3mun42yulx22x,2026-09-03T18:42:01.585Z,For whom the Piggly Wigglies
at://did:plc:7kix7wonxqkwiyb2r3ygxw5q/app.bsky.feed.post/3mun54wgyu22t,2026-09-03T19:00:59.895Z,"Man, I thought for sure the charcuterie board would have shark and owl on it. I know now...."
at://did:plc:7kix7wonxqkwiyb2r3ygxw5q/app.bsky.feed.post/3muna3nwwr222,2026-09-03T19:53:58.668Z,"I'm not playing with my gummy bears, I'm fending off the legion of sugar bear warriors who have disturbed my slumber and shall not be shown mercy"
at://did:plc:7kix7wonxqkwiyb2r3ygxw5q/app.bsky.feed.post/3munctk6syk2f,2026-09-03T20:43:07.512Z,"Dont forget to gift-wrap that Chili's Triple Dipper before you give it to her, fellas"
at://did:plc:7kix7wonxqkwiyb2r3ygxw5q/app.bsky.feed.post/3mundx3mxa227,2026-09-03T21:03:00.209Z,"Patience, grasshopper"
at://did:plc:7kix7wonxqkwiyb2r3ygxw5q/app.bsky.feed.post/3mungnop2jc2g,2026-09-03T21:51:25.881Z,"It seems like nowadays, you can't even crack open a Smurf's head and feast upon the delicious blue goo inside anymore. What has this world come to?"
at://did:plc:7kix7wonxqkwiyb2r3ygxw5q/app.bsky.feed.post/3mung3mkosc2z,2026-09-03T21:41:19.663Z,"Giving myself a swirlie, for old-time's sake."
at://did:plc:7kix7wonxqkwiyb2r3ygxw5q/app.bsky.feed.post/3munhvbaor22u,2026-09-03T22:13:33.943Z,Awesome. Let's find an investor. To the Shark Tank!
at://did:plc:7kix7wonxqkwiyb2r3ygxw5q/app.bsky.feed.post/3munhqm2xxs27,2026-09-03T22:10:57.528Z,"A new deodorant scent called ""Smellvis"" and its just peanut butter and banana plus bacon"
at://did:plc:7kix7wonxqkwiyb2r3ygxw5q/app.bsky.feed.post/3munhir6bys2u,2026-09-03T22:06:34.456Z,
at://did:plc:7kix7wonxqkwiyb2r3ygxw5q/app.bsky.feed.post/3munhf5mivk2u,2026-09-03T22:04:33.274Z,"The backup beeping sound they install after your first colonoscopy, is it worth it?"
at://did:plc:7kix7wonxqkwiyb2r3ygxw5q/app.bsky.feed.post/3munihpxq7s23,2026-09-03T22:23:53.369Z,"The number of times I spout off ""you don't get to ruin my furniture"" every day has reached epidemic proportions"
at://did:plc:7kix7wonxqkwiyb2r3ygxw5q/app.bsky.feed.post/3munj2v4v6c2o,2026-09-03T22:34:36.317Z,Flossing my teeth with a single spaghetto
at://did:plc:7kix7wonxqkwiyb2r3ygxw5q/app.bsky.feed.post/3munkjwfnks2n,2026-09-03T23:00:54.710Z,Watch this B-movie script get flagged 😅
at://did:plc:7kix7wonxqkwiyb2r3ygxw5q/app.bsky.feed.post/3munkabijds2h,2026-09-03T22:55:30.784Z,"Me (tied to a chair, bad guys lurking by me): Let me go!
Bad guy: You know, ve haf vays of making you talk...
Me: Look, what happened between me & that grilled cheese was purely consensual -
BG: *slaps me* SILENCE! You've been messing vis ze wrong cheese, everyone knows you use American, you pig!"
at://did:plc:7kix7wonxqkwiyb2r3ygxw5q/app.bsky.feed.post/3munmceggpc22,2026-09-03T23:32:28.474Z,Wheeeeeeee!
at://did:plc:7kix7wonxqkwiyb2r3ygxw5q/app.bsky.feed.post/3munm57hezc22,2026-09-03T23:29:35.484Z,"Ok this wins 🤣 I'm not normally too political, but I can get behind this any day"
at://did:plc:7kix7wonxqkwiyb2r3ygxw5q/app.bsky.feed.post/3munlpv6vvk2s,2026-09-03T23:22:08.507Z,I don't get the need to use words with more than two syll.... uh... sylla... sound bonks
at://did:plc:7kix7wonxqkwiyb2r3ygxw5q/app.bsky.feed.post/3munnov7agk2l,2026-09-03T23:57:22.458Z,Yep.
at://did:plc:7kix7wonxqkwiyb2r3ygxw5q/app.bsky.feed.post/3munno6434c2l,2026-09-03T23:56:58.224Z,"They outlawed dog piling and now they expect us to just politely stand on top of each other one at a time, like human Jenga blocks"
at://did:plc:7kix7wonxqkwiyb2r3ygxw5q/app.bsky.feed.post/3munp7tiais2f,2026-09-04T00:24:44.819Z,It's fascinating how many people have formed very strong opinions about me without ever actually speaking to me
at://did:plc:7kix7wonxqkwiyb2r3ygxw5q/app.bsky.feed.post/3munovlvvwk22,2026-09-04T00:19:01.338Z,"If you feel seen here, find the door."
at://did:plc:7kix7wonxqkwiyb2r3ygxw5q/app.bsky.feed.post/3munoqjftlk2w,2026-09-04T00:16:10.932Z,There are people who genuinely believe their prejudices become virtues if they use the right vocabulary.
at://did:plc:7kix7wonxqkwiyb2r3ygxw5q/app.bsky.feed.post/3munnylrbz22l,2026-09-04T00:02:48.107Z,I don't mind being the butt of the joke. I just wish everyone would stop checking whether I'm available first
at://did:plc:7kix7wonxqkwiyb2r3ygxw5q/app.bsky.feed.post/3munpe24rkc22,2026-09-04T00:27:06.006Z,Likewise!!! 😁
at://did:plc:7kix7wonxqkwiyb2r3ygxw5q/app.bsky.feed.post/3munqwx7tv22s,2026-09-04T00:55:34.236Z,
at://did:plc:7kix7wonxqkwiyb2r3ygxw5q/app.bsky.feed.post/3munrnazx5k2s,2026-09-04T01:08:02.727Z,"*Calling Lindt*
""Yes, I was wondering if you could fashion a king-size bed made out of Lindor truffles for me? Hel-- Hello?"" (dial tone)

Make me a truffle bed, cowards!!"
at://did:plc:7kix7wonxqkwiyb2r3ygxw5q/app.bsky.feed.post/3munus65z4s2h,2026-09-04T02:04:28.708Z,😊
at://did:plc:7kix7wonxqkwiyb2r3ygxw5q/app.bsky.feed.post/3munukmmke22h,2026-09-04T02:00:15.433Z,I fuckled the tick monster
at://did:plc:7kix7wonxqkwiyb2r3ygxw5q/app.bsky.feed.post/3munuibeti22h,2026-09-04T01:58:56.528Z,"I always hope so. A lot of people have misinformed opinions of me, though."
at://did:plc:7kix7wonxqkwiyb2r3ygxw5q/app.bsky.feed.post/3munwcolmps2e,2026-09-04T02:31:36.534Z,"Scooby-daba doo!

RILMA!"
at://did:plc:7kix7wonxqkwiyb2r3ygxw5q/app.bsky.feed.post/3munx3i6pcc2e,2026-09-04T02:45:28.691Z,Scorching if literal: soup to nuts
at://did:plc:7kix7wonxqkwiyb2r3ygxw5q/app.bsky.feed.post/3muoqxy5gek27,2026-09-04T10:28:48.493Z,"The human body is mostly water, which explains why I am so easily distracted by shiny objects"
at://did:plc:7kix7wonxqkwiyb2r3ygxw5q/app.bsky.feed.post/3muosrnmurs2s,2026-09-04T11:01:03.621Z,"Wisconsin boy, obviously. 
mydialect.us/quiz-standar..."
at://did:plc:7kix7wonxqkwiyb2r3ygxw5q/app.bsky.feed.post/3muoyg2zsm22s,2026-09-04T12:41:57.481Z,"Well no, not everything."
at://did:plc:7kix7wonxqkwiyb2r3ygxw5q/app.bsky.feed.post/3muoyevzoys2s,2026-09-04T12:41:18.677Z,I don't sleepwalk. I sleep-cha cha slide.
at://did:plc:7kix7wonxqkwiyb2r3ygxw5q/app.bsky.feed.post/3muoyafa6k22s,2026-09-04T12:38:46.848Z,Thank Goodness It's Fucked
at://did:plc:7kix7wonxqkwiyb2r3ygxw5q/app.bsky.feed.post/3muoy6tr7bc2s,2026-09-04T12:37:54.966Z,If she's still wearing them it might be a tight fit.
at://did:plc:7kix7wonxqkwiyb2r3ygxw5q/app.bsky.feed.post/3muozipxars2j,2026-09-04T13:01:20.244Z,"Today's teenager excuse for being late for morning pick-up: ""There was a squirrel eating something in a tree and it was dropping in my hair so I couldn't go outside and had tk wait for it to finish.""

4/10. Creative but stupid."
at://did:plc:7kix7wonxqkwiyb2r3ygxw5q/app.bsky.feed.post/3mup2hwkh6s24,2026-09-04T13:18:47.372Z,Yup. That and soda.
at://did:plc:7kix7wonxqkwiyb2r3ygxw5q/app.bsky.feed.post/3mup47dvcm22w,2026-09-04T13:49:46.856Z,"He's had maybe 5 haircuts in his life, he would absolutely die 🤣"
at://did:plc:7kix7wonxqkwiyb2r3ygxw5q/app.bsky.feed.post/3mup45u7y2k2w,2026-09-04T13:48:56.873Z,"You haven't met The Boy. His excuses are as wild as his hair. Stubborn as a mule, that one."
at://did:plc:7kix7wonxqkwiyb2r3ygxw5q/app.bsky.feed.post/3mup3vipmg22w,2026-09-04T13:44:16.350Z,This is what I told him. His Weird Al hair wouldn't fit inside a hat and hes very sensitive about it.
at://did:plc:7kix7wonxqkwiyb2r3ygxw5q/app.bsky.feed.post/3mup52rkozk2x,2026-09-04T14:05:07.156Z,"I could explain why I'm right, but watching you figure it out is more entertaining."
at://did:plc:7kix7wonxqkwiyb2r3ygxw5q/app.bsky.feed.post/3mup5ope4lk2p,2026-09-04T14:16:15.928Z,youtube.com/shorts/rauyq...
at://did:plc:7kix7wonxqkwiyb2r3ygxw5q/app.bsky.feed.post/3mupau6zumc2s,2026-09-04T15:13:01.370Z,I'm like if cheese was a person.
at://did:plc:7kix7wonxqkwiyb2r3ygxw5q/app.bsky.feed.post/3mupbffxovs2s,2026-09-04T15:22:39.068Z,"My favorite thing about being in a parade is throwing Jolly Ranchers at all the ugly children at full force. 

Follow me for more heartwarming hometown stories."
at://did:plc:7kix7wonxqkwiyb2r3ygxw5q/app.bsky.feed.post/3mupc225la22s,2026-09-04T15:34:11.321Z,Everyone knows that there's no wrong time to eat mac and cheese
at://did:plc:7kix7wonxqkwiyb2r3ygxw5q/app.bsky.feed.post/3mupen6eiqs2c,2026-09-04T16:20:40.758Z,These new clown car underwear are actually really spacious
at://did:plc:7kix7wonxqkwiyb2r3ygxw5q/app.bsky.feed.post/3mupe2oekp22s,2026-09-04T16:10:20.005Z,"Windshield? Oh, you mean my car's sneeze guard. 

Yeah, they really should put wipers on the interior surfaces, too."
at://did:plc:7kix7wonxqkwiyb2r3ygxw5q/app.bsky.feed.post/3mupflydqfk25,2026-09-04T16:37:54.629Z,A boring day is just an exciting day where nobody ruined anything
at://did:plc:7kix7wonxqkwiyb2r3ygxw5q/app.bsky.feed.post/3mupfitzgvs25,2026-09-04T16:36:09.436Z,The best feeling in the world is realizing you don't have to leave yet
at://did:plc:7kix7wonxqkwiyb2r3ygxw5q/app.bsky.feed.post/3mupfghoxq225,2026-09-04T16:34:49.398Z,"A clean kitchen is proof that, for at least a few minutes, you had your shit together"
at://did:plc:7kix7wonxqkwiyb2r3ygxw5q/app.bsky.feed.post/3mupfbdl64c25,2026-09-04T16:31:57.291Z,"I don't prance around in purple boxers and play sexy saxophone for just anybody, you know..."
at://did:plc:7kix7wonxqkwiyb2r3ygxw5q/app.bsky.feed.post/3mupgnt7dxk2a,2026-09-04T16:56:50.082Z,Quietly judging my local deli against Jersey Mike's to see who wins out
at://did:plc:7kix7wonxqkwiyb2r3ygxw5q/app.bsky.feed.post/3muph2tmo4k2a,2026-09-04T17:04:06.738Z,Jersey Mike's by a mile. Expensive? Yes. Worth it. Yes. My local place: expensive and mid.
at://did:plc:7kix7wonxqkwiyb2r3ygxw5q/app.bsky.feed.post/3mupjbnwzws2h,2026-09-04T17:43:43.147Z,There is tremendous peace in knowing tomorrow's problem is officially tomorrow's problem
at://did:plc:7kix7wonxqkwiyb2r3ygxw5q/app.bsky.feed.post/3mupiy2etqk2c,2026-09-04T17:38:20.642Z,"Ahh, yes but what if you live alone?"
at://did:plc:7kix7wonxqkwiyb2r3ygxw5q/app.bsky.feed.post/3mupkusqf522b,2026-09-04T18:12:19.453Z,"Liquid Death, why did you have to go and make energy drinks?

He says after his 4th one of the day"
at://did:plc:7kix7wonxqkwiyb2r3ygxw5q/app.bsky.feed.post/3mupkssvstc2b,2026-09-04T18:11:12.514Z,Microdosing being a dog by peeing on a fire hydrant
at://did:plc:7kix7wonxqkwiyb2r3ygxw5q/app.bsky.feed.post/3mupkfengws2o,2026-09-04T18:03:41.353Z,"Those that can't do, nap"
at://did:plc:7kix7wonxqkwiyb2r3ygxw5q/app.bsky.feed.post/3mupmc7hqtk2f,2026-09-04T18:37:42.742Z,Inside of every alpha male there's probably a little alpha gal
at://did:plc:7kix7wonxqkwiyb2r3ygxw5q/app.bsky.feed.post/3mupls7olis2m,2026-09-04T18:28:46.087Z,"The outage happened when everyone simultaneously clicked 'Follow' on my profile. So you can blame me, folks"
at://did:plc:7kix7wonxqkwiyb2r3ygxw5q/app.bsky.feed.post/3mupo6x4hr222,2026-09-04T19:11:40.811Z,"No, not yet, but that looks particularly they stuck a Reese's PB  cup in water and ran it through a Sodastream. Correct me if I'm wrong."
at://did:plc:7kix7wonxqkwiyb2r3ygxw5q/app.bsky.feed.post/3mupnwt5jpc22,2026-09-04T19:07:08.214Z,The most confident people I know don't seem particularly concerned with making sure everyone else knows they're confident. Weird.
at://did:plc:7kix7wonxqkwiyb2r3ygxw5q/app.bsky.feed.post/3mupp3ylqw22k,2026-09-04T19:27:55.441Z,"No. If i find it, i'll send a few to you.."
at://did:plc:7kix7wonxqkwiyb2r3ygxw5q/app.bsky.feed.post/3mupotuv7g22k,2026-09-04T19:23:23.112Z,"""It's coming from horses..."""
at://did:plc:7kix7wonxqkwiyb2r3ygxw5q/app.bsky.feed.post/3mupoovyao227,2026-09-04T19:20:36.497Z,I'll have to seek it out now.
at://did:plc:7kix7wonxqkwiyb2r3ygxw5q/app.bsky.feed.post/3mupoo7qr3k27,2026-09-04T19:20:13.177Z,"Make a boring movie sound exciting with an outrageously overblown synopsis:

A homicidal clown falls in love with a woman in a mental hospital, triggering a catastrophic musical uprising against the American justice system and the concept of having a normal fucking afternoon."
at://did:plc:7kix7wonxqkwiyb2r3ygxw5q/app.bsky.feed.post/3mupqjaspjk2t,2026-09-04T19:53:14.003Z,"Doxxing someone because you don't like what they said isn't “holding them accountable.” It's admitting you couldn't win the argument, so you went looking for their fucking house."
at://did:plc:7kix7wonxqkwiyb2r3ygxw5q/app.bsky.feed.post/3mupunj5nik2j,2026-09-04T21:07:11.928Z,
at://did:plc:7kix7wonxqkwiyb2r3ygxw5q/app.bsky.feed.post/3mupugovajc2p,2026-09-04T21:03:23.048Z,Had a dream that I went on an adventure with Tim Curry as Long John Silver from Muppet Treasure Island. I am not sure what our objective was but I think we won.
at://did:plc:7kix7wonxqkwiyb2r3ygxw5q/app.bsky.feed.post/3mupwx3gmp22b,2026-09-04T21:48:20.581Z,I'm actually more of an indiffluencer.
at://did:plc:7kix7wonxqkwiyb2r3ygxw5q/app.bsky.feed.post/3mupwuw4n4c2b,2026-09-04T21:47:07.896Z,"If you see me running, run too. I have absolutely no idea what's happening."
at://did:plc:7kix7wonxqkwiyb2r3ygxw5q/app.bsky.feed.post/3mupyjg2stc2c,2026-09-04T22:16:29.449Z,Remember to wash your hands before you eat that crow
at://did:plc:7kix7wonxqkwiyb2r3ygxw5q/app.bsky.feed.post/3mupz7g47b22q,2026-09-04T22:28:47.692Z,I would simply stop being annoyed. Skill issue.
at://did:plc:7kix7wonxqkwiyb2r3ygxw5q/app.bsky.feed.post/3muq2ubi7z22q,2026-09-04T22:58:21.229Z,My LInkedIn profile can be found under Vincent Adultman
at://did:plc:7kix7wonxqkwiyb2r3ygxw5q/app.bsky.feed.post/3muq75q7hvs2i,2026-09-05T00:15:13.619Z,I'm teaching my cat German. Right now we've only just got the intonation down.
at://did:plc:7kix7wonxqkwiyb2r3ygxw5q/app.bsky.feed.post/3muqbkpt7322d,2026-09-05T00:58:16.909Z,"Lopsided HS football game? Sure, why not."
at://did:plc:7kix7wonxqkwiyb2r3ygxw5q/app.bsky.feed.post/3muqcgzt2dc2i,2026-09-05T01:14:06.917Z,"31-0 before halftime. We're not gonna win, folks."
at://did:plc:7kix7wonxqkwiyb2r3ygxw5q/app.bsky.feed.post/3muqdhetfvc2v,2026-09-05T01:32:12.203Z,4th and HOW many?
at://did:plc:7kix7wonxqkwiyb2r3ygxw5q/app.bsky.feed.post/3muqf5hksh223,2026-09-05T02:02:26.999Z,Ooh! What kind?
at://did:plc:7kix7wonxqkwiyb2r3ygxw5q/app.bsky.feed.post/3muqhza4ess2c,2026-09-05T02:53:46.208Z,Um... MegaBootsy? The giant anthropomorphic pair of Wellingtons?
at://did:plc:7kix7wonxqkwiyb2r3ygxw5q/app.bsky.feed.post/3muqhxck7vc2c,2026-09-05T02:52:41.639Z,Uhh... not this guy *whips out my emergency mac and cheese from my snack fanny pack*
at://did:plc:7kix7wonxqkwiyb2r3ygxw5q/app.bsky.feed.post/3mur2ojtmuk2s,2026-09-05T08:27:48.387Z,"Good morning, Lombardi Avenue
youtu.be/9N7SGEfaAyk?..."
at://did:plc:7kix7wonxqkwiyb2r3ygxw5q/app.bsky.feed.post/3mur3wjmi3c2b,2026-09-05T08:50:10.325Z,Because it's delicious and easy
at://did:plc:7kix7wonxqkwiyb2r3ygxw5q/app.bsky.feed.post/3mur6ko6vds23,2026-09-05T09:37:13.704Z,"Awake right now because I'm punishing myself with international travel. 

I was right to do it. Someone needed to teach me a lesson."
at://did:plc:7kix7wonxqkwiyb2r3ygxw5q/app.bsky.feed.post/3mur7yclrik2l,2026-09-05T10:02:45.048Z,It's solid logic
at://did:plc:7kix7wonxqkwiyb2r3ygxw5q/app.bsky.feed.post/3mur7rdgf3c2u,2026-09-05T09:58:51.046Z,"If you have to make the bed anyway, you might as well get back in it first"
at://did:plc:7kix7wonxqkwiyb2r3ygxw5q/app.bsky.feed.post/3mur7jwc7s22t,2026-09-05T09:54:42.399Z,"Fun fact: Frodo and Sam's trip into Mordor would have been quicker but the ring kept asking Frodo for 'uppies' for the last few miles, and he wasn't emotionally prepared to deal with that shit when they were 'almost there, can it wait a few more minutes? Daddy's tired and needs to focus'"
at://did:plc:7kix7wonxqkwiyb2r3ygxw5q/app.bsky.feed.post/3mur7ebdkz22t,2026-09-05T09:51:32.651Z,*rides a megatherium into battle* That's right motherfuckers. You've been outmatched
at://did:plc:7kix7wonxqkwiyb2r3ygxw5q/app.bsky.feed.post/3mur7arbzpc2t,2026-09-05T09:49:35.146Z,"*passes you a sterile pouch filled with mac and cheese* I'll airplane it in for you, just hold your mouth open"
at://did:plc:7kix7wonxqkwiyb2r3ygxw5q/app.bsky.feed.post/3murc25572k2f,2026-09-05T10:39:33.926Z,This airplane smells like a bathroom and I have to sit through this torture for another 90 minutes.
at://did:plc:7kix7wonxqkwiyb2r3ygxw5q/app.bsky.feed.post/3murbwfvhk22x,2026-09-05T10:37:28.894Z,A fresh towel can make you briefly believe you've turned your entire life around
at://did:plc:7kix7wonxqkwiyb2r3ygxw5q/app.bsky.feed.post/3murbsvhvhs2k,2026-09-05T10:35:30.982Z,"If you like this show, wait until all my other personalities arrive to make special guest appearances"
at://did:plc:7kix7wonxqkwiyb2r3ygxw5q/app.bsky.feed.post/3murcd2ulwc2z,2026-09-05T10:44:33.532Z,"Them: ""Nobody gives a shit about your travel!""
Me: ""I'll show them!""
*posts about travel harder*"
at://did:plc:7kix7wonxqkwiyb2r3ygxw5q/app.bsky.feed.post/3murddxo7ck25,2026-09-05T11:02:57.469Z,"No wonder Peter Steele got so much action after shows.
open.spotify.com/track/1ycz5D..."
at://did:plc:7kix7wonxqkwiyb2r3ygxw5q/app.bsky.feed.post/3murd2uprpk25,2026-09-05T10:57:52.380Z,
at://did:plc:7kix7wonxqkwiyb2r3ygxw5q/app.bsky.feed.post/3murisuz42s2h,2026-09-05T12:40:46.719Z,"No, autocorrect, I am not going to Dan Francisco. I don't even know who he is, maybe Carmen Sandiego's cousin?"
at://did:plc:7kix7wonxqkwiyb2r3ygxw5q/app.bsky.feed.post/3murim7osns2h,2026-09-05T12:37:03.026Z,"If I'm already standing in the kitchen, I might as well see what snacks are available"
at://did:plc:7kix7wonxqkwiyb2r3ygxw5q/app.bsky.feed.post/3muribsj3u22b,2026-09-05T12:31:13.657Z,
at://did:plc:7kix7wonxqkwiyb2r3ygxw5q/app.bsky.feed.post/3murkbkg25s2q,2026-09-05T13:06:52.623Z,2 biodomes? But only if they're built right next to each other so they're biodiome boobies.
at://did:plc:7kix7wonxqkwiyb2r3ygxw5q/app.bsky.feed.post/3murlbz76xc26,2026-09-05T13:25:01.914Z,
at://did:plc:7kix7wonxqkwiyb2r3ygxw5q/app.bsky.feed.post/3murl6ual3226,2026-09-05T13:23:16.015Z,"Wait, is that ""oh no"" concerned or ""ha ha"" concerned?"
at://did:plc:7kix7wonxqkwiyb2r3ygxw5q/app.bsky.feed.post/3murmixhczc2s,2026-09-05T13:46:48.705Z,"😅 True, true"
at://did:plc:7kix7wonxqkwiyb2r3ygxw5q/app.bsky.feed.post/3murmfmfwpk2s,2026-09-05T13:44:56.461Z,"I thought it was a kink.
""Say when!""
😏 ""Never!"""
at://did:plc:7kix7wonxqkwiyb2r3ygxw5q/app.bsky.feed.post/3murm5dtd322j,2026-09-05T13:40:19.027Z,Pumpkin spice chloroform
at://did:plc:7kix7wonxqkwiyb2r3ygxw5q/app.bsky.feed.post/3murm3mnfck2j,2026-09-05T13:39:21.163Z,What a way to go!
at://did:plc:7kix7wonxqkwiyb2r3ygxw5q/app.bsky.feed.post/3murlxmodcs2j,2026-09-05T13:37:06.965Z,Who else but Bluesky?
at://did:plc:7kix7wonxqkwiyb2r3ygxw5q/app.bsky.feed.post/3murlmfknw22j,2026-09-05T13:30:50.409Z,Nobody has ever regretted putting more cheese on something
at://did:plc:7kix7wonxqkwiyb2r3ygxw5q/app.bsky.feed.post/3murnaqkq2s2s,2026-09-05T14:00:06.781Z,"Waiter, is this pasta made from real bowties?"
at://did:plc:7kix7wonxqkwiyb2r3ygxw5q/app.bsky.feed.post/3murmw7swuk2s,2026-09-05T13:54:13.682Z,
at://did:plc:7kix7wonxqkwiyb2r3ygxw5q/app.bsky.feed.post/3murmtdfuvc2s,2026-09-05T13:52:36.785Z, 🤣 250 grams? Child's play.
at://did:plc:7kix7wonxqkwiyb2r3ygxw5q/app.bsky.feed.post/3murmpzjm3k2s,2026-09-05T13:50:45.759Z,"Tony the Tiger always dreads flying, because they never allow his carrion luggage on board."
at://did:plc:7kix7wonxqkwiyb2r3ygxw5q/app.bsky.feed.post/3murrfzhd222q,2026-09-05T15:14:38.840Z,Wisdom
at://did:plc:7kix7wonxqkwiyb2r3ygxw5q/app.bsky.feed.post/3murt4sqwwc2k,2026-09-05T15:45:17.318Z,Sometimes dinner is just a collection of things you found in the refrigerator and that's perfectly legitimate
at://did:plc:7kix7wonxqkwiyb2r3ygxw5q/app.bsky.feed.post/3murspj3bek2k,2026-09-05T15:37:50.955Z,🤣
at://did:plc:7kix7wonxqkwiyb2r3ygxw5q/app.bsky.feed.post/3murshcnul22p,2026-09-05T15:33:15.782Z,"My mind is thinking, logically this should work, right? Increase the surface area of contact, increase the rate of absorption. You have my curiosity now."
at://did:plc:7kix7wonxqkwiyb2r3ygxw5q/app.bsky.feed.post/3murvtupyvs23,2026-09-05T16:33:58.615Z,You can tell how good a sandwich is going to be by how aggressively it refuses to stay together.
at://did:plc:7kix7wonxqkwiyb2r3ygxw5q/app.bsky.feed.post/3murvqgbdjs2j,2026-09-05T16:32:02.790Z,Nice!
at://did:plc:7kix7wonxqkwiyb2r3ygxw5q/app.bsky.feed.post/3murweu6nv22d,2026-09-05T16:43:28.477Z,Your mileage may vary. I'm not gonna tell you you're incorrect. Up to you.
at://did:plc:7kix7wonxqkwiyb2r3ygxw5q/app.bsky.feed.post/3murxsp6qt22r,2026-09-05T17:09:06.726Z,I would give this pup a whole handful of the shredded stuff.
at://did:plc:7kix7wonxqkwiyb2r3ygxw5q/app.bsky.feed.post/3murxjkyrm22d,2026-09-05T17:04:00.360Z,She would have wanted it that way.
at://did:plc:7kix7wonxqkwiyb2r3ygxw5q/app.bsky.feed.post/3murxiqpxe22d,2026-09-05T17:03:32.809Z,I found Dwight.
at://did:plc:7kix7wonxqkwiyb2r3ygxw5q/app.bsky.feed.post/3murxh6xkd22d,2026-09-05T17:02:40.621Z,Depends on the cheese
at://did:plc:7kix7wonxqkwiyb2r3ygxw5q/app.bsky.feed.post/3murysqxobs2m,2026-09-05T17:27:02.344Z,I guess we can carve out exceptions like that. The general sentiment still applies.
at://did:plc:7kix7wonxqkwiyb2r3ygxw5q/app.bsky.feed.post/3murylqy4xc22,2026-09-05T17:23:07.481Z,"Or someone's decided to power through that (joking, I know it sucks)"
at://did:plc:7kix7wonxqkwiyb2r3ygxw5q/app.bsky.feed.post/3murykgq5bs22,2026-09-05T17:22:23.178Z,"Oh, you poor thing! 🫂"
at://did:plc:7kix7wonxqkwiyb2r3ygxw5q/app.bsky.feed.post/3muryipowv222,2026-09-05T17:21:25.466Z,
at://did:plc:7kix7wonxqkwiyb2r3ygxw5q/app.bsky.feed.post/3murzmur3sc2c,2026-09-05T17:41:38.737Z,"If the laundry is clean, it is morally acceptable to wear it directly out of the basket."
at://did:plc:7kix7wonxqkwiyb2r3ygxw5q/app.bsky.feed.post/3mus2gxojsk23,2026-09-05T17:56:14.218Z,Do it. And let the English see you do it.
at://did:plc:7kix7wonxqkwiyb2r3ygxw5q/app.bsky.feed.post/3mus2eyp2os23,2026-09-05T17:55:08.174Z,Low blow!
at://did:plc:7kix7wonxqkwiyb2r3ygxw5q/app.bsky.feed.post/3mus2dpvzx223,2026-09-05T17:54:25.383Z,"If you know what you're doing, it actually can enhance the pizza. Bur, personal preferences are what they are *hat tip*"
at://did:plc:7kix7wonxqkwiyb2r3ygxw5q/app.bsky.feed.post/3mus22tjzqs2y,2026-09-05T17:49:27.217Z,"If I bought the snacks, I'm allowed to eat the snacks. This is basic economics."
at://did:plc:7kix7wonxqkwiyb2r3ygxw5q/app.bsky.feed.post/3mus3eaz6vs2l,2026-09-05T18:12:37.083Z,This is the way
at://did:plc:7kix7wonxqkwiyb2r3ygxw5q/app.bsky.feed.post/3mus3apnmus2l,2026-09-05T18:10:38.214Z,😅🤣
at://did:plc:7kix7wonxqkwiyb2r3ygxw5q/app.bsky.feed.post/3mus37hjruk2l,2026-09-05T18:09:56.145Z,"Yep, totally allowed."
at://did:plc:7kix7wonxqkwiyb2r3ygxw5q/app.bsky.feed.post/3mus2yoszr22l,2026-09-05T18:06:08.893Z,I knew i liked you for a reason
at://did:plc:7kix7wonxqkwiyb2r3ygxw5q/app.bsky.feed.post/3mus2qh4sd22b,2026-09-05T18:01:32.403Z,"Yes. Many a block of cheddar has caused me this pause. Always worth it, though."
at://did:plc:7kix7wonxqkwiyb2r3ygxw5q/app.bsky.feed.post/3mus2mybfps2b,2026-09-05T17:59:36.161Z,"Hey, I mean what they do with cheese is up to them. I don't kink-shame."
at://did:plc:7kix7wonxqkwiyb2r3ygxw5q/app.bsky.feed.post/3mus2kb6zns2b,2026-09-05T17:58:04.853Z,There is no such thing as “too much garlic” when you're cooking for yourself.
at://did:plc:7kix7wonxqkwiyb2r3ygxw5q/app.bsky.feed.post/3mus4hv3y4s2z,2026-09-05T18:32:32.530Z,Cut out the middleman
at://did:plc:7kix7wonxqkwiyb2r3ygxw5q/app.bsky.feed.post/3mus3rjag522l,2026-09-05T18:20:01.915Z,Anecdotally.
at://did:plc:7kix7wonxqkwiyb2r3ygxw5q/app.bsky.feed.post/3mutijaqeh22g,2026-09-06T07:40:42.949Z,Exactly.
at://did:plc:7kix7wonxqkwiyb2r3ygxw5q/app.bsky.feed.post/3mutiikgnlc2g,2026-09-06T07:40:19.562Z,I'd still eat it.
at://did:plc:7kix7wonxqkwiyb2r3ygxw5q/app.bsky.feed.post/3mutihlia7s2g,2026-09-06T07:39:47.108Z,"To those who would disagree, I say ""show me the limit and I will surpass it"""
at://did:plc:7kix7wonxqkwiyb2r3ygxw5q/app.bsky.feed.post/3mutifmy4cs2g,2026-09-06T07:38:41.568Z,No. Strictly verboten.
at://did:plc:7kix7wonxqkwiyb2r3ygxw5q/app.bsky.feed.post/3mutieujbjs2g,2026-09-06T07:38:15.915Z,You just have to exercise those taste buds. Get 'em juiced!
at://did:plc:7kix7wonxqkwiyb2r3ygxw5q/app.bsky.feed.post/3mutidkmfdc2g,2026-09-06T07:37:31.978Z,Especially if its complimentary
at://did:plc:7kix7wonxqkwiyb2r3ygxw5q/app.bsky.feed.post/3mutibck2ls2g,2026-09-06T07:36:16.404Z,
at://did:plc:7kix7wonxqkwiyb2r3ygxw5q/app.bsky.feed.post/3mutiado7bc2g,2026-09-06T07:35:44.033Z,Yep. I'm the guest in my own house.
at://did:plc:7kix7wonxqkwiyb2r3ygxw5q/app.bsky.feed.post/3muti6e3iw22g,2026-09-06T07:34:37.360Z,"I mean, I can concede that the limit might be out there. I don't know what it is, or if its quantifiable, but sure."
at://did:plc:7kix7wonxqkwiyb2r3ygxw5q/app.bsky.feed.post/3muti3j7gd22g,2026-09-06T07:33:02.069Z,*checks mirror* not today
at://did:plc:7kix7wonxqkwiyb2r3ygxw5q/app.bsky.feed.post/3muti2rl27s2g,2026-09-06T07:32:37.284Z,And its true
at://did:plc:7kix7wonxqkwiyb2r3ygxw5q/app.bsky.feed.post/3muthzeunr22g,2026-09-06T07:31:50.412Z,That's blasphemy in my household.
at://did:plc:7kix7wonxqkwiyb2r3ygxw5q/app.bsky.feed.post/3muthxw6fe22g,2026-09-06T07:31:01.442Z,"Ah, yes, see my other post from today. No such thing as too much cheese."
at://did:plc:7kix7wonxqkwiyb2r3ygxw5q/app.bsky.feed.post/3mutiz6mllk2g,2026-09-06T07:49:37.599Z,Now we're talking. Reinforcements.
at://did:plc:7kix7wonxqkwiyb2r3ygxw5q/app.bsky.feed.post/3mutixwygjs2g,2026-09-06T07:48:56.044Z,This is when you split it in two and eat the second half later.
at://did:plc:7kix7wonxqkwiyb2r3ygxw5q/app.bsky.feed.post/3mutiwqff2c2g,2026-09-06T07:48:15.574Z,Yes. We should.
at://did:plc:7kix7wonxqkwiyb2r3ygxw5q/app.bsky.feed.post/3mutiuac4n22g,2026-09-06T07:46:51.581Z,Yep. This is a corollary.
at://did:plc:7kix7wonxqkwiyb2r3ygxw5q/app.bsky.feed.post/3mutit53zi22g,2026-09-06T07:46:14.680Z,"I mean, if you pace yourself, it might still be doable."
at://did:plc:7kix7wonxqkwiyb2r3ygxw5q/app.bsky.feed.post/3mutirham2s2g,2026-09-06T07:45:18.208Z,Nobody's perfect.
at://did:plc:7kix7wonxqkwiyb2r3ygxw5q/app.bsky.feed.post/3mutiqrntl22g,2026-09-06T07:44:55.573Z,Depends on what we're talking about.
at://did:plc:7kix7wonxqkwiyb2r3ygxw5q/app.bsky.feed.post/3mutipeorrc2g,2026-09-06T07:44:08.417Z,You need some structural bacon for reinforcement.
at://did:plc:7kix7wonxqkwiyb2r3ygxw5q/app.bsky.feed.post/3mutio725w22g,2026-09-06T07:43:28.945Z,
at://did:plc:7kix7wonxqkwiyb2r3ygxw5q/app.bsky.feed.post/3mutimy2vsk2g,2026-09-06T07:42:48.075Z,This is why I removed mine. Truly annoying little bugger.
at://did:plc:7kix7wonxqkwiyb2r3ygxw5q/app.bsky.feed.post/3mutilbvf5k2g,2026-09-06T07:41:51.271Z,Just don't share a room with someone if you pile on the onions. Simple.
at://did:plc:7kix7wonxqkwiyb2r3ygxw5q/app.bsky.feed.post/3mutjvcrx322w,2026-09-06T08:05:21.492Z,
at://did:plc:7kix7wonxqkwiyb2r3ygxw5q/app.bsky.feed.post/3mutjtllqjc2w,2026-09-06T08:04:23.618Z,There it is!
at://did:plc:7kix7wonxqkwiyb2r3ygxw5q/app.bsky.feed.post/3mutjsqdzyc2w,2026-09-06T08:03:55.045Z,
at://did:plc:7kix7wonxqkwiyb2r3ygxw5q/app.bsky.feed.post/3mutkz6bx4c2n,2026-09-06T08:25:24.734Z,"Cool. Does that mean I can have super powers, too?"
at://did:plc:7kix7wonxqkwiyb2r3ygxw5q/app.bsky.feed.post/3mutkx4n6is2n,2026-09-06T08:24:15.895Z,Disaster. But I am meeting up with another one and this looks to be the opposite case.
at://did:plc:7kix7wonxqkwiyb2r3ygxw5q/app.bsky.feed.post/3mutkrsr6e22n,2026-09-06T08:21:17.762Z,I'm an abomination! 🤣🤣
at://did:plc:7kix7wonxqkwiyb2r3ygxw5q/app.bsky.feed.post/3mutm36dsyc2i,2026-09-06T08:44:25.646Z,"Oh, we can do that. GOOSE HAS LASERBEAMS NOW!"
at://did:plc:7kix7wonxqkwiyb2r3ygxw5q/app.bsky.feed.post/3mutlzfq5e22i,2026-09-06T08:43:26.273Z,The marshmallows are the only part of Lucky Charms pretending this is fun.
at://did:plc:7kix7wonxqkwiyb2r3ygxw5q/app.bsky.feed.post/3mutmztanek2i,2026-09-06T09:01:34.195Z,Trying this tomorrow. This has 'fuck around and find out' written all over it
at://did:plc:7kix7wonxqkwiyb2r3ygxw5q/app.bsky.feed.post/3mutmv7jby22i,2026-09-06T08:58:59.288Z,"That's it, there we go!"
at://did:plc:7kix7wonxqkwiyb2r3ygxw5q/app.bsky.feed.post/3mutomet2tc2w,2026-09-06T09:29:50.343Z,I respect waffles because they understand the importance of infrastructure.
at://did:plc:7kix7wonxqkwiyb2r3ygxw5q/app.bsky.feed.post/3mutow6vj3k2w,2026-09-06T09:35:19.678Z,"Knuckle tats

I S I T  C A K E"
at://did:plc:7kix7wonxqkwiyb2r3ygxw5q/app.bsky.feed.post/3muu6pyjdck2p,2026-09-06T14:18:11.523Z,"If I'm already comfortable, I'm not getting up unless the house is on fire."
at://did:plc:7kix7wonxqkwiyb2r3ygxw5q/app.bsky.feed.post/3muu6ml7ybc2z,2026-09-06T14:16:16.929Z,My coffee and I are in a committed relationship. It does most of the work.
at://did:plc:7kix7wonxqkwiyb2r3ygxw5q/app.bsky.feed.post/3muu6fox3ss2z,2026-09-06T14:12:25.941Z,It's a solid hierarchy
at://did:plc:7kix7wonxqkwiyb2r3ygxw5q/app.bsky.feed.post/3muue5lmcds2k,2026-09-06T15:55:16.460Z,"If I'm hungry enough, standing in front of the refrigerator long enough eventually counts as cooking"
at://did:plc:7kix7wonxqkwiyb2r3ygxw5q/app.bsky.feed.post/3muufqcy5fk2k,2026-09-06T16:23:38.692Z,They can be different sizes. They should at least be able to carry hand-sized snacks and/or tools.
at://did:plc:7kix7wonxqkwiyb2r3ygxw5q/app.bsky.feed.post/3muufmjbbns2k,2026-09-06T16:21:31.061Z,"If I turn autorotate off, it takes me 30 minuets to reopen to a treat"
at://did:plc:7kix7wonxqkwiyb2r3ygxw5q/app.bsky.feed.post/3muuf7ia6os2k,2026-09-06T16:14:13.774Z,My cargo shorts are required to have at least 4 snack pockets and 2 random hand tool pockets.
at://did:plc:7kix7wonxqkwiyb2r3ygxw5q/app.bsky.feed.post/3muuexj32j22k,2026-09-06T16:09:46.218Z,"Dress for the job I want, I need to size up my competition"
at://did:plc:7kix7wonxqkwiyb2r3ygxw5q/app.bsky.feed.post/3muueue35mc2k,2026-09-06T16:08:00.317Z,What I say under my breath at the dining table is between me and my breakfast noodles
at://did:plc:7kix7wonxqkwiyb2r3ygxw5q/app.bsky.feed.post/3muuermziyc2k,2026-09-06T16:06:29.035Z,"Living out of a suitcase is easier if you carry it around on your back, just ask turtles"
at://did:plc:7kix7wonxqkwiyb2r3ygxw5q/app.bsky.feed.post/3muugjp6vis2m,2026-09-06T16:37:50.359Z,At what point does a snack become a meal? I need a lawyer
at://did:plc:7kix7wonxqkwiyb2r3ygxw5q/app.bsky.feed.post/3muugdleqvk2m,2026-09-06T16:34:25.027Z,Aren't they already? 😅
at://did:plc:7kix7wonxqkwiyb2r3ygxw5q/app.bsky.feed.post/3muug3kikys26,2026-09-06T16:29:55.666Z,They're the only way to travel.
at://did:plc:7kix7wonxqkwiyb2r3ygxw5q/app.bsky.feed.post/3muuhiycsw22m,2026-09-06T16:55:20.113Z,Some days the Venn diagram of those two is a circle.
at://did:plc:7kix7wonxqkwiyb2r3ygxw5q/app.bsky.feed.post/3muuhhzywrs2m,2026-09-06T16:54:48.331Z,
at://did:plc:7kix7wonxqkwiyb2r3ygxw5q/app.bsky.feed.post/3muuhdqj7rc2m,2026-09-06T16:52:24.161Z,Thoughts usually escape my brain for my mouth like jailbreakers after a prison riot
at://did:plc:7kix7wonxqkwiyb2r3ygxw5q/app.bsky.feed.post/3muuhxfs6lc2t,2026-09-06T17:03:23.993Z,At what point are dinner leftovers stored in the back of the fridge legally declared 'alive'?
at://did:plc:7kix7wonxqkwiyb2r3ygxw5q/app.bsky.feed.post/3muukoh62ck2t,2026-09-06T17:52:04.679Z,Potatoes' 38 most influential food forms
at://did:plc:7kix7wonxqkwiyb2r3ygxw5q/app.bsky.feed.post/3muul5ppxhk2r,2026-09-06T18:00:36.970Z,"If you've ever spent inordinate amounts of time wondering if your root cellar could double as a sex dungeon, then do I have news for you!"
at://did:plc:7kix7wonxqkwiyb2r3ygxw5q/app.bsky.feed.post/3muumztuets2s,2026-09-06T18:34:14.570Z,No. It could not. Lesson learned.
at://did:plc:7kix7wonxqkwiyb2r3ygxw5q/app.bsky.feed.post/3muuponwe2s2k,2026-09-06T19:21:40.464Z,"Not traditional ones, no. Its essentially phơ for breakfast"
at://did:plc:7kix7wonxqkwiyb2r3ygxw5q/app.bsky.feed.post/3muupecarcc2v,2026-09-06T19:15:52.682Z,They are when I have to work in Asia.
at://did:plc:7kix7wonxqkwiyb2r3ygxw5q/app.bsky.feed.post/3muuqorwew22a,2026-09-06T19:39:38.414Z,"Who would win in a fight, the Charmin Bear or Snuggle Bear?"
at://did:plc:7kix7wonxqkwiyb2r3ygxw5q/app.bsky.feed.post/3muuquxk5bc2a,2026-09-06T19:43:05.634Z,I saw Mitch McConnell in the closet with Mrs. Krabappel and they were making babies and one of the babies looked at me...
at://did:plc:7kix7wonxqkwiyb2r3ygxw5q/app.bsky.feed.post/3muuscvehvk2c,2026-09-06T20:08:46.848Z,"What? No tag-ins, you *wags my finger*"
at://did:plc:7kix7wonxqkwiyb2r3ygxw5q/app.bsky.feed.post/3muus42af6k22,2026-09-06T20:04:57.079Z,"Getting water-boarded, but with mac and cheese"
at://did:plc:7kix7wonxqkwiyb2r3ygxw5q/app.bsky.feed.post/3muurydyp2k22,2026-09-06T20:02:53.097Z,
at://did:plc:7kix7wonxqkwiyb2r3ygxw5q/app.bsky.feed.post/3muuy4gtnjs2x,2026-09-06T21:52:32.625Z,"Korean breakfast again, this time in Suwon. Crab soup and udon noodles with vegetables and fish balls."
at://did:plc:7kix7wonxqkwiyb2r3ygxw5q/app.bsky.feed.post/3muuz4qmz2c25,2026-09-06T22:10:36.757Z,It's so good!😋
at://did:plc:7kix7wonxqkwiyb2r3ygxw5q/app.bsky.feed.post/3muuytutpic25,2026-09-06T22:05:39.181Z,"I always do! Thanks, Mark!"
at://did:plc:7kix7wonxqkwiyb2r3ygxw5q/app.bsky.feed.post/3muuyo3wgx225,2026-09-06T22:02:25.268Z,Im getting spoiled for the next couple of weeks
at://did:plc:7kix7wonxqkwiyb2r3ygxw5q/app.bsky.feed.post/3muv26dptoc2f,2026-09-06T22:29:24.050Z,"Spaceballs, anyone? Good grief."
at://did:plc:7kix7wonxqkwiyb2r3ygxw5q/app.bsky.feed.post/3muuzzuy4ok23,2026-09-06T22:26:54.394Z,It's gonna be an interesting split here between the voters.
at://did:plc:7kix7wonxqkwiyb2r3ygxw5q/app.bsky.feed.post/3muuzwytytk23,2026-09-06T22:25:17.784Z,"If I could send you some, I would"
at://did:plc:7kix7wonxqkwiyb2r3ygxw5q/app.bsky.feed.post/3muv2x5nmzk2c,2026-09-06T22:43:16.555Z,My biggest problem will be that my client will try to overfeed me for lunch. They always do.
at://did:plc:7kix7wonxqkwiyb2r3ygxw5q/app.bsky.feed.post/3muv2elno5c26,2026-09-06T22:32:53.713Z,"Oh, totally. I'm spoiled as hell."
at://did:plc:7kix7wonxqkwiyb2r3ygxw5q/app.bsky.feed.post/3muv2dj4vm226,2026-09-06T22:32:17.478Z,
at://did:plc:7kix7wonxqkwiyb2r3ygxw5q/app.bsky.feed.post/3muv2b4kjik2e,2026-09-06T22:30:57.216Z,Heck yeah!!
at://did:plc:7kix7wonxqkwiyb2r3ygxw5q/app.bsky.feed.post/3muvkbhcpxk2v,2026-09-07T03:17:28.349Z,Ooh. Gouda mac would be good. Stop giving me ideas.
at://did:plc:7kix7wonxqkwiyb2r3ygxw5q/app.bsky.feed.post/3muvlalqctc27,2026-09-07T03:34:53.189Z,They never sold me any TP or laundry softener
at://did:plc:7kix7wonxqkwiyb2r3ygxw5q/app.bsky.feed.post/3muwbo4cdzc2v,2026-09-07T10:16:09.088Z,"Me: I'm a Taurus
Them: Yeah, right, you don't even look like a car"
at://did:plc:7kix7wonxqkwiyb2r3ygxw5q/app.bsky.feed.post/3muwblgs2ik2v,2026-09-07T10:14:39.403Z,"Rivulets of ketchup flowed down French Fry Mountain, signaling only one thing: the condiment caldera was about to blow its top, causing massive potato slides that even the most skilled mountaineers couldn't avoid for their lives... 

I am having too much fun playing with my food, can't you tell?"
at://did:plc:7kix7wonxqkwiyb2r3ygxw5q/app.bsky.feed.post/3muwd45ilrk2o,2026-09-07T10:41:53.826Z,"(You move left down a hall, with a chicken under your arm and torch in hand. Obvious exits are front door, back door and Trogdor) 

""Deploy featherbomb!""

(Chicken gets thrown and explodes in a puff. Trogdor runs off frightened, beefy arm swinging in terror)

YOU WIN! 🏆

The townsfolk are saved!"
at://did:plc:7kix7wonxqkwiyb2r3ygxw5q/app.bsky.feed.post/3muwdbsrct22o,2026-09-07T10:45:03.925Z,"Public service announcement: 
The red crayons are the spicy ones."
at://did:plc:7kix7wonxqkwiyb2r3ygxw5q/app.bsky.feed.post/3muwo5qo7z22u,2026-09-07T13:59:38.658Z,"""Cut! Do it again, from the top! (To himself) oh, sure, direct a movie starring ants. It'll catapult your career....

(Out loud) OKAY! One more time, this time with FEELERS!!!!"
at://did:plc:7kix7wonxqkwiyb2r3ygxw5q/app.bsky.feed.post/3muwq4eqylc2w,2026-09-07T14:34:40.105Z,
at://did:plc:7kix7wonxqkwiyb2r3ygxw5q/app.bsky.feed.post/3muwq2q7tpc2w,2026-09-07T14:33:45.017Z,"[Third day as a pizza delivery driver]

Me: Sorry, I ate your wife"
at://did:plc:7kix7wonxqkwiyb2r3ygxw5q/app.bsky.feed.post/3muwpvpvvis2w,2026-09-07T14:30:56.918Z,Aim your farts. You never know when your next opportunity will come around.
at://did:plc:7kix7wonxqkwiyb2r3ygxw5q/app.bsky.feed.post/3muwpt5dnqk2w,2026-09-07T14:29:30.326Z,🤣 so so wet
at://did:plc:7kix7wonxqkwiyb2r3ygxw5q/app.bsky.feed.post/3muwpetvnq223,2026-09-07T14:21:30.655Z,"If I put my ear up against my hotel room wall, I can hear the ocean. 

The ocean's getting laid, obviously."
at://did:plc:7kix7wonxqkwiyb2r3ygxw5q/app.bsky.feed.post/3muwre5eiwc2z,2026-09-07T14:56:54.534Z,Is the opposite of all-purpose flour no-purpose flour?
at://did:plc:7kix7wonxqkwiyb2r3ygxw5q/app.bsky.feed.post/3muwrbt67f22z,2026-09-07T14:55:36.732Z,"Honestly, same.

*snaps off a Crayola brick red like a Slim Jim*"
at://did:plc:7kix7wonxqkwiyb2r3ygxw5q/app.bsky.feed.post/3muwra2et522z,2026-09-07T14:54:37.180Z,"Pop-up: Would you like to make this your home page?

Me: *unflinchingly clicks ""Yes"" 10 times*"
at://did:plc:7kix7wonxqkwiyb2r3ygxw5q/app.bsky.feed.post/3muwr32vhjc2z,2026-09-07T14:51:49.954Z,"The fava beans and Chianti were an added charge, sorry"
at://did:plc:7kix7wonxqkwiyb2r3ygxw5q/app.bsky.feed.post/3muwqzkavx22z,2026-09-07T14:50:58.936Z,"If you could read lips, you'd know what your goldfish is really saying about you.... so I guess its probably for the best that you can't. 

Because flushing would be too merciful"
at://did:plc:7kix7wonxqkwiyb2r3ygxw5q/app.bsky.feed.post/3muwtfsnxic2m,2026-09-07T15:33:37.902Z,"*stares at you blankly, chewing a mouthful of pure raw cellulose powder, as it spills out the sides of my mouth* I have no idea what you're talking about"
at://did:plc:7kix7wonxqkwiyb2r3ygxw5q/app.bsky.feed.post/3muwtc6te5s2m,2026-09-07T15:31:36.441Z,Inside every shy teenage boy is an Eclectus parrot singing pop songs. Let the poor bird out already!
at://did:plc:7kix7wonxqkwiyb2r3ygxw5q/app.bsky.feed.post/3muwstpkeqk2t,2026-09-07T15:23:30.656Z,Look at them the way your Branzino looks at you from the fishmonger's counter
at://did:plc:7kix7wonxqkwiyb2r3ygxw5q/app.bsky.feed.post/3muwufiixbc24,2026-09-07T15:51:20.989Z,The existence of 'Tuesdays with Morrie' implies the existence of 'Wednesdays with Mitch'
at://did:plc:7kix7wonxqkwiyb2r3ygxw5q/app.bsky.feed.post/3muwvgm4bh22o,2026-09-07T16:09:52.064Z,"How do you make a ginger snap? 

Remind him he has no soul."
at://did:plc:7kix7wonxqkwiyb2r3ygxw5q/app.bsky.feed.post/3muxelrlt422r,2026-09-07T20:41:11.720Z,"I just had a 'Wizard of Oz'-esque dream, but with my Bluesky moots playing all the different roles. Unfortunately, I don't remember who was who, so y'all are gonna need to refresh my memory"
at://did:plc:7kix7wonxqkwiyb2r3ygxw5q/app.bsky.feed.post/3muxegarshk2r,2026-09-07T20:38:06.309Z,Are. This is why they carry shivs with them
at://did:plc:7kix7wonxqkwiyb2r3ygxw5q/app.bsky.feed.post/3muxfehl3ms27,2026-09-07T20:55:00.067Z,"Happy Labor Day, Frank Grimes. Your tireless effort will soon be forgotten again. Just like every year."
at://did:plc:7kix7wonxqkwiyb2r3ygxw5q/app.bsky.feed.post/3muxg3tpldc2u,2026-09-07T21:08:04.550Z,"Ladies and gentlemen, Frank Sinatra, brought to you tonight by KY.

""🎶Lube-ee doo-bee doo...🎶"""
at://did:plc:7kix7wonxqkwiyb2r3ygxw5q/app.bsky.feed.post/3muxfuhlv4227,2026-09-07T21:03:56.969Z,"Me: Garçon, a kiddie-pool sized créme brûlée for the lady, s'íl vouz plait.

Waiter: Excellent choice, madame.
And would Monsieur like anything tonight?"
at://did:plc:7kix7wonxqkwiyb2r3ygxw5q/app.bsky.feed.post/3muxiepadsc2c,2026-09-07T21:48:49.318Z,🤌🏆
at://did:plc:7kix7wonxqkwiyb2r3ygxw5q/app.bsky.feed.post/3muxiimzdm22c,2026-09-07T21:51:01.224Z,"Y'allt text

Because everybody should feel included."
at://did:plc:7kix7wonxqkwiyb2r3ygxw5q/app.bsky.feed.post/3muxkjyjmok22,2026-09-07T22:27:34.299Z,"I'll let someone dumber carry that torch. Don't say I didn't warn you, ya dumb sonofabitch. Good luck, you're gonna need it."
at://did:plc:7kix7wonxqkwiyb2r3ygxw5q/app.bsky.feed.post/3muxlernk222y,2026-09-07T22:42:33.086Z,"Ooh, fancy!!"
at://did:plc:7kix7wonxqkwiyb2r3ygxw5q/app.bsky.feed.post/3muxlvy4tik2h,2026-09-07T22:52:10.288Z,"Big Gulp coffees, WHEN?"
at://did:plc:7kix7wonxqkwiyb2r3ygxw5q/app.bsky.feed.post/3muxne7hldk25,2026-09-07T23:18:01.499Z,“No pressure” is a surprisingly subjective concept.
at://did:plc:7kix7wonxqkwiyb2r3ygxw5q/app.bsky.feed.post/3muxr5v37v223,2026-09-08T00:26:04.252Z,"Dragonfruit enema? That's a bit redundant, don't you think?"
at://did:plc:7kix7wonxqkwiyb2r3ygxw5q/app.bsky.feed.post/3muxqzx5pkc23,2026-09-08T00:23:52.198Z,Cool!!! 😁😁😁
at://did:plc:7kix7wonxqkwiyb2r3ygxw5q/app.bsky.feed.post/3muxqvsyvbs2f,2026-09-08T00:21:33.644Z,"Ahh, good. Because it's a necessary accessory."
at://did:plc:7kix7wonxqkwiyb2r3ygxw5q/app.bsky.feed.post/3muxqtd526c2f,2026-09-08T00:20:09.888Z,Hi 8!
at://did:plc:7kix7wonxqkwiyb2r3ygxw5q/app.bsky.feed.post/3muxpnezsw22s,2026-09-07T23:58:56.803Z,"Professor: As synthetic organic chemists, you'll learn how to make long-chain peptides, heterocycles, and hormones.
Me: Ooh, how do you make a hormone?
Professor: Don't pay her. But you'll see so many different things in this field..."
at://did:plc:7kix7wonxqkwiyb2r3ygxw5q/app.bsky.feed.post/3muxramzv7s23,2026-09-08T00:27:36.483Z,"Can't, teaching my pet lobster how to snap on the downbeats"
at://did:plc:7kix7wonxqkwiyb2r3ygxw5q/app.bsky.feed.post/3muy2kzuk4223,2026-09-08T03:14:29.007Z,"Todays lunch: smoked duck & bell pepper salad, spicy pork bao, akorean noodle soup, silken tofu and spicy egg and tomato, with fruit as dessert."
at://did:plc:7kix7wonxqkwiyb2r3ygxw5q/app.bsky.feed.post/3muy6vpyirk22,2026-09-08T04:32:02.869Z,Several excellent decisions were made today. None of them were mine.
at://did:plc:7kix7wonxqkwiyb2r3ygxw5q/app.bsky.feed.post/3muy74nkgpc22,2026-09-08T04:35:55.193Z,"I have seen Tuesday, and let me tell you: You're not missing much."
at://did:plc:7kix7wonxqkwiyb2r3ygxw5q/app.bsky.feed.post/3muyevxkzl22u,2026-09-08T06:19:33.268Z,They normally give me this much food here. They prepare the trays ahead of time for their visitors.
at://did:plc:7kix7wonxqkwiyb2r3ygxw5q/app.bsky.feed.post/3muyiae45pk2g,2026-09-08T07:19:03.182Z,PSA: You're welcome.
at://did:plc:7kix7wonxqkwiyb2r3ygxw5q/app.bsky.feed.post/3muyhxxevwk2g,2026-09-08T07:14:21.401Z,What about if I need a hairnet and a beardnet? Can't be too careful.
at://did:plc:7kix7wonxqkwiyb2r3ygxw5q/app.bsky.feed.post/3muykarmqtc23,2026-09-08T07:55:04.841Z,I don't think I was really that hungry though.
at://did:plc:7kix7wonxqkwiyb2r3ygxw5q/app.bsky.feed.post/3muykkvdp5s2g,2026-09-08T08:00:44.279Z,The floor is apparently where everything goes when I’m too tired to make decisions.
at://did:plc:7kix7wonxqkwiyb2r3ygxw5q/app.bsky.feed.post/3muytlw5els2c,2026-09-08T10:42:22.342Z,I keep telling him that. He doesn't  listen.
at://did:plc:7kix7wonxqkwiyb2r3ygxw5q/app.bsky.feed.post/3muyteiodnk2q,2026-09-08T10:38:13.343Z,We like to have fun. Especially Steve.
at://did:plc:7kix7wonxqkwiyb2r3ygxw5q/app.bsky.feed.post/3muyt77oxjc2u,2026-09-08T10:35:16.150Z,
at://did:plc:7kix7wonxqkwiyb2r3ygxw5q/app.bsky.feed.post/3muyu3fjg7s2c,2026-09-08T10:51:01.795Z,"If you whip him, he'll just take a shining to you"
at://did:plc:7kix7wonxqkwiyb2r3ygxw5q/app.bsky.feed.post/3muytysjnts2c,2026-09-08T10:49:34.749Z,"I can spend twenty minutes looking for something that is directly in front of me, but I will find it the instant I give up.

This is what you do for entertainment now, universe?"
at://did:plc:7kix7wonxqkwiyb2r3ygxw5q/app.bsky.feed.post/3muz4jxxals2i,2026-09-08T13:22:20.817Z,"The worst thing about being responsible is how often it works.
Somewhere"
at://did:plc:7kix7wonxqkwiyb2r3ygxw5q/app.bsky.feed.post/3muz4c3kqe22q,2026-09-08T13:17:56.163Z,Nothing makes you suddenly aware of your breathing like someone mentioning breathing.
at://did:plc:7kix7wonxqkwiyb2r3ygxw5q/app.bsky.feed.post/3muzckkrm2227,2026-09-08T15:10:02.997Z,Life is soup and I'm a fork
at://did:plc:7kix7wonxqkwiyb2r3ygxw5q/app.bsky.feed.post/3muzuxo3uxs2p,2026-09-08T20:39:30.049Z,I don't want to be difficult. I just want everything to happen exactly the way I pictured it.
at://did:plc:7kix7wonxqkwiyb2r3ygxw5q/app.bsky.feed.post/3muzwp3ib7k2b,2026-09-08T21:10:29.583Z,
at://did:plc:7kix7wonxqkwiyb2r3ygxw5q/app.bsky.feed.post/3muzwmfn4z22b,2026-09-08T21:08:59.563Z,“Make yourself at home” is a dangerous thing to say to me. I have no idea where the boundaries of your home are
at://did:plc:7kix7wonxqkwiyb2r3ygxw5q/app.bsky.feed.post/3muzxirydfk2j,2026-09-08T21:24:52.033Z,Go-Go Gadget Crushing Existential Dread
at://did:plc:7kix7wonxqkwiyb2r3ygxw5q/app.bsky.feed.post/3muzwy7wk2k2b,2026-09-08T21:15:36.235Z,"*looks at empty wrist*
Wouldja look at the time? Welp, gotta go
*jumps in front of a bus*"
at://did:plc:7kix7wonxqkwiyb2r3ygxw5q/app.bsky.feed.post/3muzytm4wqk2z,2026-09-08T21:48:48.651Z,More breakfast noods
at://did:plc:7kix7wonxqkwiyb2r3ygxw5q/app.bsky.feed.post/3muzyhhdvhk2s,2026-09-08T21:42:01.070Z,Me whenever something big happens in gaming
at://did:plc:7kix7wonxqkwiyb2r3ygxw5q/app.bsky.feed.post/3muzz4zo55s2z,2026-09-08T21:54:04.923Z,"In my mind, y'all sound like Morgan Freeman"
at://did:plc:7kix7wonxqkwiyb2r3ygxw5q/app.bsky.feed.post/3mv22nkv2d22e,2026-09-08T22:21:13.589Z,The only way I can is getting my client to foot the bill
at://did:plc:7kix7wonxqkwiyb2r3ygxw5q/app.bsky.feed.post/3mv22mf2b7c2e,2026-09-08T22:20:33.906Z,
at://did:plc:7kix7wonxqkwiyb2r3ygxw5q/app.bsky.feed.post/3mv22wthybs2e,2026-09-08T22:26:24.587Z,Hell yeah. That looks so good!
at://did:plc:7kix7wonxqkwiyb2r3ygxw5q/app.bsky.feed.post/3mv22sywmv22e,2026-09-08T22:24:16.091Z,Happy Congenital Back Deformity Day.
at://did:plc:7kix7wonxqkwiyb2r3ygxw5q/app.bsky.feed.post/3mv24ff4kss2d,2026-09-08T22:52:26.570Z,"Nothing says “I know what I want” quite like requiring everyone else to figure it out for you, and spoon-feeding it to you because you can't be bothered to put in the effort."
at://did:plc:7kix7wonxqkwiyb2r3ygxw5q/app.bsky.feed.post/3mv23ugd3l22m,2026-09-08T22:42:57.391Z,"I'm just here to provide the counter-programming. Why, what did you hear?"
at://did:plc:7kix7wonxqkwiyb2r3ygxw5q/app.bsky.feed.post/3mv25h43tuc27,2026-09-08T23:11:17.970Z,
at://did:plc:7kix7wonxqkwiyb2r3ygxw5q/app.bsky.feed.post/3mv2527necc2h,2026-09-08T23:04:05.492Z,The most important question that 'Donnie Darko' never answers
at://did:plc:7kix7wonxqkwiyb2r3ygxw5q/app.bsky.feed.post/3mv25vjg4gs2n,2026-09-08T23:19:21.692Z,"Like a cat, but less endearing."
at://did:plc:7kix7wonxqkwiyb2r3ygxw5q/app.bsky.feed.post/3mv25s3zrp225,2026-09-08T23:17:27.005Z,There’s a particular kind of independence that seems to require a personal assistant.
at://did:plc:7kix7wonxqkwiyb2r3ygxw5q/app.bsky.feed.post/3mv2gdnynbc2b,2026-09-09T01:50:26.194Z,"If you were born pre-2000 and somehow find yourself in the ""chat, am I cooked?"" demographic, have I got the social media app for you!"
at://did:plc:7kix7wonxqkwiyb2r3ygxw5q/app.bsky.feed.post/3mv2fynvx3k2k,2026-09-09T01:44:17.023Z,"Start 'em early, thats a good way to get a bumper crop by harvest time"
at://did:plc:7kix7wonxqkwiyb2r3ygxw5q/app.bsky.feed.post/3mv2fv2t3jk2k,2026-09-09T01:42:16.341Z,"“Bro is actually tweaking 💀 This is NOT the move. We’re cooked beyond belief. Fuck it tho, send it. Absolute W.”"
at://did:plc:7kix7wonxqkwiyb2r3ygxw5q/app.bsky.feed.post/3mv2miewlw22d,2026-09-09T03:40:26.927Z,I have a very low tolerance for being somewhere I don't know how long I'm expected to stay
at://did:plc:7kix7wonxqkwiyb2r3ygxw5q/app.bsky.feed.post/3mv2rczih5s2c,2026-09-09T05:06:55.867Z,"Me: What do you do for work?

Them: I'm a herpetologist. 

Me: Wow! So how does it feel to study herpes?

Them: This date is over."
at://did:plc:7kix7wonxqkwiyb2r3ygxw5q/app.bsky.feed.post/3mv2raisnxs2c,2026-09-09T05:05:31.260Z,"Why call it a 'primate enclosure' when apiary was right there?

*gets stung to death by a million bees*"
at://did:plc:7kix7wonxqkwiyb2r3ygxw5q/app.bsky.feed.post/3mv2u7fuwvs2y,2026-09-09T05:58:35.856Z,This one goes out to everyone who blocked me
at://did:plc:7kix7wonxqkwiyb2r3ygxw5q/app.bsky.feed.post/3mv2tyanems2b,2026-09-09T05:54:35.495Z,He just wants to be your friend
at://did:plc:7kix7wonxqkwiyb2r3ygxw5q/app.bsky.feed.post/3mv37hxxc7k2w,2026-09-09T09:20:14.415Z,You can appeal that.
at://did:plc:7kix7wonxqkwiyb2r3ygxw5q/app.bsky.feed.post/3mv37edtluk2w,2026-09-09T09:18:12.654Z,"People will spend $14 to avoid a 12-minute inconvenience, and then spend 40 minutes explaining why it was worth it"
at://did:plc:7kix7wonxqkwiyb2r3ygxw5q/app.bsky.feed.post/3mv3crdmqzs2v,2026-09-09T10:19:09.868Z,
at://did:plc:7kix7wonxqkwiyb2r3ygxw5q/app.bsky.feed.post/3mv3cetpyws2v,2026-09-09T10:12:10.540Z,Imagine needing a report button because the block button wasn't dramatic enough
at://did:plc:7kix7wonxqkwiyb2r3ygxw5q/app.bsky.feed.post/3mv3e5g4pmk2k,2026-09-09T10:43:48.881Z,"Imagine if ""buys me too many iced coffees"" was your most egregious offense"
at://did:plc:7kix7wonxqkwiyb2r3ygxw5q/app.bsky.feed.post/3mv3du7qvzk2k,2026-09-09T10:38:40.212Z,I failed mime school for talking with my eyes
at://did:plc:7kix7wonxqkwiyb2r3ygxw5q/app.bsky.feed.post/3mv3d6hcots2d,2026-09-09T10:26:29.940Z,"Why is it called a building if it's already built? Checkmate, architecture"
at://did:plc:7kix7wonxqkwiyb2r3ygxw5q/app.bsky.feed.post/3mv3czxboks2d,2026-09-09T10:23:58.909Z,Imagine thinking “everyone I have problems with is crazy” is a green flag
at://did:plc:7kix7wonxqkwiyb2r3ygxw5q/app.bsky.feed.post/3mv3efi5w3k2k,2026-09-09T10:48:19.455Z,
at://did:plc:7kix7wonxqkwiyb2r3ygxw5q/app.bsky.feed.post/3mv3ebyoxj22k,2026-09-09T10:46:22.573Z,My stigmata and your stigmata should get together some time...
at://did:plc:7kix7wonxqkwiyb2r3ygxw5q/app.bsky.feed.post/3mv3hbrpnk22w,2026-09-09T11:39:56.480Z,"When Peter Steele sang ""I hate the morning,"" I felt that. Literally."
at://did:plc:7kix7wonxqkwiyb2r3ygxw5q/app.bsky.feed.post/3mv3kwqgz7c2q,2026-09-09T12:45:21.015Z,You can tell when someone learned a phrase entirely from the internet because there isn't a single natural molecule in the delivery
at://did:plc:7kix7wonxqkwiyb2r3ygxw5q/app.bsky.feed.post/3mv3liv2ccs27,2026-09-09T12:55:29.820Z,"I don't procrastinate. 

I simply refuse to participate until the situation becomes interesting"
at://did:plc:7kix7wonxqkwiyb2r3ygxw5q/app.bsky.feed.post/3mv3pl7cf6k2k,2026-09-09T14:08:22.645Z,"I'd like to find out what exactly I'm doing all of this for, but I feel like that's going to require a divining rod"
at://did:plc:7kix7wonxqkwiyb2r3ygxw5q/app.bsky.feed.post/3mv47iq3noc2w,2026-09-09T18:53:19.459Z,"I don't avoid rings out of fear of commitment. 

I avoid them out of fear of what is medically known as ""deglovement of the fourth digit."""
at://did:plc:7kix7wonxqkwiyb2r3ygxw5q/app.bsky.feed.post/3mv46z4p7nk2u,2026-09-09T18:44:35.811Z,"Mine just says ""How to Play Poker"""
at://did:plc:7kix7wonxqkwiyb2r3ygxw5q/app.bsky.feed.post/3mv46vcepy22u,2026-09-09T18:42:27.542Z,"I'm not winking at you, a bug flew into my eye and I'm trying to kill it"
at://did:plc:7kix7wonxqkwiyb2r3ygxw5q/app.bsky.feed.post/3mv4afcev4k2k,2026-09-09T19:09:18.162Z,"Let's just say that I also stopped wearing my wedding ring about 10 years before getting divorced, too. For context."
at://did:plc:7kix7wonxqkwiyb2r3ygxw5q/app.bsky.feed.post/3mv4achelr22k,2026-09-09T19:07:42.730Z,"My neighbor asked if I could keep an eye on his house. Let me tell ya, that was a bitch to dig out of its socket and climb a ladder to put on his roof, but I hope he appreciates my commitment to the bit."
at://did:plc:7kix7wonxqkwiyb2r3ygxw5q/app.bsky.feed.post/3mv4d3xq4as2c,2026-09-09T19:57:46.232Z,Maybe I
at://did:plc:7kix7wonxqkwiyb2r3ygxw5q/app.bsky.feed.post/3mv4czfiegk2c,2026-09-09T19:56:19.983Z,"*checks my watch* ahh, crap, its Thursday."
at://did:plc:7kix7wonxqkwiyb2r3ygxw5q/app.bsky.feed.post/3mv4djimbrs2x,2026-09-09T20:05:20.130Z,"I asked the librarian if they had any books on paranoia.

She whispered, “They're right behind you.”"
at://did:plc:7kix7wonxqkwiyb2r3ygxw5q/app.bsky.feed.post/3mv4fgtpbs22t,2026-09-09T20:39:38.593Z,"I was going to donate blood today, but they said mine was too emotionally unavailable. So I donated theirs instead."
at://did:plc:7kix7wonxqkwiyb2r3ygxw5q/app.bsky.feed.post/3mv4fftul5s2t,2026-09-09T20:39:05.199Z,Call them oooos
at://did:plc:7kix7wonxqkwiyb2r3ygxw5q/app.bsky.feed.post/3mv4guamnus2o,2026-09-09T21:05:02.083Z,"I don't believe in astrology.
I'm a Taurus, so I don't have to."
at://did:plc:7kix7wonxqkwiyb2r3ygxw5q/app.bsky.feed.post/3mv4hq2n7sk2o,2026-09-09T21:20:35.339Z,"I guess I should wake up, it is morning over here.
My thoughts can be summarized at the 4:41 mark of this song. 

open.spotify.com/track/2C6U9Q..."
at://did:plc:7kix7wonxqkwiyb2r3ygxw5q/app.bsky.feed.post/3mv4jytoajc2r,2026-09-09T22:01:17.495Z,"I bought a self-help book called 'How to Stop Overthinking.'

I haven't opened it because I'm worried I'll read it wrong."
at://did:plc:7kix7wonxqkwiyb2r3ygxw5q/app.bsky.feed.post/3mv4l2dpcac23,2026-09-09T22:20:01.613Z,Nothing like a piping hot cup of Brawndo in the morning...
at://did:plc:7kix7wonxqkwiyb2r3ygxw5q/app.bsky.feed.post/3mv4koyfuks23,2026-09-09T22:13:40.669Z,That's a bold amount of emotional luggage to bring to a sleepover
at://did:plc:7kix7wonxqkwiyb2r3ygxw5q/app.bsky.feed.post/3mv4lyitrx22e,2026-09-09T22:36:53.634Z,"My dentist asked if I floss regularly.

I told him ""Yes, but it's easier when you're asleep."""
at://did:plc:7kix7wonxqkwiyb2r3ygxw5q/app.bsky.feed.post/3mv4ltz5ams2e,2026-09-09T22:34:22.951Z,"I got fired from the orange juice factory.

Apparently I couldn't concentrate."
at://did:plc:7kix7wonxqkwiyb2r3ygxw5q/app.bsky.feed.post/3mv4lmg3luc2e,2026-09-09T22:30:08.094Z,No but I've seen them get ready
at://did:plc:7kix7wonxqkwiyb2r3ygxw5q/app.bsky.feed.post/3mv4lh2cat22e,2026-09-09T22:27:07.954Z,"I told my therapist I have trouble letting things go. He told me to try it once and see how it feels.

When I handed him the severed hand, his look told me I had failed."
at://did:plc:7kix7wonxqkwiyb2r3ygxw5q/app.bsky.feed.post/3mv4n5wpha22u,2026-09-09T22:57:49.675Z,"My three-legged stool of project management includes cheese, meat, and pasta."
at://did:plc:7kix7wonxqkwiyb2r3ygxw5q/app.bsky.feed.post/3mv4mbk3aqs2q,2026-09-09T22:41:56.912Z,If you think that's bad you should check out my latest post
at://did:plc:7kix7wonxqkwiyb2r3ygxw5q/app.bsky.feed.post/3mv4sf2j6ls2a,2026-09-10T00:31:17.266Z,"It's Karl Rural, Karl Urban's understudy."
at://did:plc:7kix7wonxqkwiyb2r3ygxw5q/app.bsky.feed.post/3mv4uocsbhs2a,2026-09-10T01:12:15.428Z,Maybe I provided it to them. No one will ever know 🤣
at://did:plc:7kix7wonxqkwiyb2r3ygxw5q/app.bsky.feed.post/3mv4zty7toc2u,2026-09-10T02:44:54.366Z,😆🤣
at://did:plc:7kix7wonxqkwiyb2r3ygxw5q/app.bsky.feed.post/3mv5btz2ph22a,2026-09-10T05:08:05.188Z,
at://did:plc:7kix7wonxqkwiyb2r3ygxw5q/app.bsky.feed.post/3mv5if5oojc2s,2026-09-10T07:05:02.898Z,"If you drop something under the bed, that is no longer your property. It belongs to the darkness."
at://did:plc:7kix7wonxqkwiyb2r3ygxw5q/app.bsky.feed.post/3mv5naiowzc2t,2026-09-10T08:31:55.392Z,I would rather be called an asshole than be subjected to a three-paragraph “gentle correction”
at://did:plc:7kix7wonxqkwiyb2r3ygxw5q/app.bsky.feed.post/3mv5n2ejusk2t,2026-09-10T08:28:29.694Z,I don't think “being the bigger person” gets enough criticism for how often it means “let this asshole win”
at://did:plc:7kix7wonxqkwiyb2r3ygxw5q/app.bsky.feed.post/3mv5p3cbdgs2p,2026-09-10T09:04:48.364Z,I would be much more cooperative if people stopped making me understand why they're wrong
at://did:plc:7kix7wonxqkwiyb2r3ygxw5q/app.bsky.feed.post/3mv6tpyqygs2z,2026-09-10T20:00:37.713Z,🎶Your own... personal...  Cheez Whiz...🎶
at://did:plc:7kix7wonxqkwiyb2r3ygxw5q/app.bsky.feed.post/3mv6veh4k222c,2026-09-10T20:29:57.630Z,"Nothing's more obnoxious than a toilet paper snob. Always pressing the roll to his face, extolling the virtues of another quilted layer.

A real three-ply guy."
at://did:plc:7kix7wonxqkwiyb2r3ygxw5q/app.bsky.feed.post/3mv6v4qguf22z,2026-09-10T20:25:38.973Z,"At some point, you've gotta think that jellyfish have a pee kink"
at://did:plc:7kix7wonxqkwiyb2r3ygxw5q/app.bsky.feed.post/3mv6wilvkxk2t,2026-09-10T20:50:10.603Z,I've been 38 for several years now and I'm starting to worry I'm coming down with the Benjamin Button disease
at://did:plc:7kix7wonxqkwiyb2r3ygxw5q/app.bsky.feed.post/3mv6xe4n6ws2u,2026-09-10T21:05:34.088Z,"Lobsters aren't trying to pinch you. They're just scared little toddlers asking for uppies.

Give them uppies."
at://did:plc:7kix7wonxqkwiyb2r3ygxw5q/app.bsky.feed.post/3mv6yl3nra22y,2026-09-10T21:27:21.718Z,My personal demons have formed a union and their first demand is that I stop referring to their crippling anxiety as “my little guys”
at://did:plc:7kix7wonxqkwiyb2r3ygxw5q/app.bsky.feed.post/3mv6y2isbmk26,2026-09-10T21:18:05.065Z,
at://did:plc:7kix7wonxqkwiyb2r3ygxw5q/app.bsky.feed.post/3mv722wxb3c2y,2026-09-10T21:54:07.400Z,"That's it! You've gefilted your last fish, you!"
at://did:plc:7kix7wonxqkwiyb2r3ygxw5q/app.bsky.feed.post/3mv736vjds223,2026-09-10T22:14:13.852Z,Imagine inventing an opinion nobody actually holds and then getting furious enough to write 900 words defeating it
at://did:plc:7kix7wonxqkwiyb2r3ygxw5q/app.bsky.feed.post/3mv745blm6k23,2026-09-10T22:31:13.129Z,"*Looking at my fuck budget and planning aggressively* 

If I spend all my fucks today, I won't have enough to get through the week without applying for a fuck loan...🤔

*annoyed* I can't seriously be giving all my fucks away this fast. I just replenished them..."
at://did:plc:7kix7wonxqkwiyb2r3ygxw5q/app.bsky.feed.post/3mv752aklys2c,2026-09-10T22:47:25.139Z,"Me explaining how Muppets came into existence:

""You see, when a mop and a puppet love each other very much..."""
at://did:plc:7kix7wonxqkwiyb2r3ygxw5q/app.bsky.feed.post/3mv74prpn3s2z,2026-09-10T22:41:34.028Z,"I would like to remind everyone that I was not built for mornings, responsibility, or whatever the fuck this is."
at://did:plc:7kix7wonxqkwiyb2r3ygxw5q/app.bsky.feed.post/3mv75uybos22s,2026-09-10T23:02:22.433Z,"I would have done this, totally."
at://did:plc:7kix7wonxqkwiyb2r3ygxw5q/app.bsky.feed.post/3mv75riurnc2s,2026-09-10T23:00:25.607Z,
at://did:plc:7kix7wonxqkwiyb2r3ygxw5q/app.bsky.feed.post/3mv77xyiask2c,2026-09-10T23:39:50.777Z,"What you do to your balls is your own business, Jack"
at://did:plc:7kix7wonxqkwiyb2r3ygxw5q/app.bsky.feed.post/3mv7g4fefm22a,2026-09-11T01:29:40.968Z,"Won't do him any good, he died in 2010."
at://did:plc:7kix7wonxqkwiyb2r3ygxw5q/app.bsky.feed.post/3mv7jw3rim22a,2026-09-11T02:37:44.552Z,We're all 38 here *floats out to sea*
at://did:plc:7kix7wonxqkwiyb2r3ygxw5q/app.bsky.feed.post/3mv7oxajo6k2a,2026-09-11T04:07:51.802Z,"I mean, if he doesn't, he owes me a big explanation."
at://did:plc:7kix7wonxqkwiyb2r3ygxw5q/app.bsky.feed.post/3mv7pyu33m22a,2026-09-11T04:26:39.593Z,"I read ""delicious path"" and I have to agree"
at://did:plc:7kix7wonxqkwiyb2r3ygxw5q/app.bsky.feed.post/3mv7r46wds22h,2026-09-11T04:46:25.376Z,"Oohh, I'm sorry, the correct response was"
at://did:plc:7kix7wonxqkwiyb2r3ygxw5q/app.bsky.feed.post/3mv7qzzetxs2h,2026-09-11T04:45:12.451Z,Let's swap Grimaces. For fun. Also for science.
at://did:plc:7kix7wonxqkwiyb2r3ygxw5q/app.bsky.feed.post/3mv7qotxmr22h,2026-09-11T04:38:57.663Z,"I identify as a djent.
I’m deeply uncomfortable in standard tuning."
at://did:plc:7kix7wonxqkwiyb2r3ygxw5q/app.bsky.feed.post/3mv7rtwi3xs2h,2026-09-11T04:59:41.828Z,"Nothing says “I don't generalize” like having 4,000 generalizations ready to go"
at://did:plc:7kix7wonxqkwiyb2r3ygxw5q/app.bsky.feed.post/3mv7ygz2mh22a,2026-09-11T06:57:44.511Z,Could be...
at://did:plc:7kix7wonxqkwiyb2r3ygxw5q/app.bsky.feed.post/3mv7z75no5c2a,2026-09-11T07:11:14.642Z,"I mean, I can be more blunt. Up to you..."
at://did:plc:7kix7wonxqkwiyb2r3ygxw5q/app.bsky.feed.post/3mva26xzqis2t,2026-09-11T07:29:02.484Z,Introducing a candy bar for almond apologists that contains every other kind of nut wrapped in smooth milk chocolate:  Not AllMond
at://did:plc:7kix7wonxqkwiyb2r3ygxw5q/app.bsky.feed.post/3mva5u5cp722j,2026-09-11T08:34:33.886Z,"Sign: Falling Rocks
Elderly fall survivor: *hobbles away, sobbing*"
at://did:plc:7kix7wonxqkwiyb2r3ygxw5q/app.bsky.feed.post/3mva6sainwk2j,2026-09-11T08:51:23.864Z,Pretty soon it'll be time to plant your chicken nuggets so you'll be able to harvest baby chicks in the spring
at://did:plc:7kix7wonxqkwiyb2r3ygxw5q/app.bsky.feed.post/3mvab6b3in22v,2026-09-11T09:33:54.610Z,"Client: *tells me one thing*

5 minutes later, same question
*tells my boss/colleague the exact opposite*

Me: Guys! I'm literally in the same room and I can hear everything!"
