observed_at,post_uri,posted_at,likes,reposts,replies,quotes
2026-09-03T04:01:10.831546+00:00,at://did:plc:7kix7wonxqkwiyb2r3ygxw5q/app.bsky.feed.post/3mulhck6m4k22,2026-09-03T02:57:46.321Z,8,2,1,0
2026-09-03T04:01:10.831546+00:00,at://did:plc:7kix7wonxqkwiyb2r3ygxw5q/app.bsky.feed.post/3mulewkmo5k22,2026-09-03T02:15:16.647Z,1,0,0,0
2026-09-03T04:01:10.831546+00:00,at://did:plc:7kix7wonxqkwiyb2r3ygxw5q/app.bsky.feed.post/3muleujj5cc2i,2026-09-03T02:14:08.371Z,1,0,0,0
2026-09-03T04:01:10.831546+00:00,at://did:plc:7kix7wonxqkwiyb2r3ygxw5q/app.bsky.feed.post/3mulejvnpms22,2026-09-03T02:08:12.008Z,1,0,0,0
2026-09-03T04:01:10.831546+00:00,at://did:plc:7kix7wonxqkwiyb2r3ygxw5q/app.bsky.feed.post/3muleiix7b22x,2026-09-03T02:07:25.131Z,1,0,1,0
2026-09-03T04:01:10.831546+00:00,at://did:plc:7kix7wonxqkwiyb2r3ygxw5q/app.bsky.feed.post/3muleddl6js2x,2026-09-03T02:04:31.719Z,1,0,1,0
2026-09-03T04:01:10.831546+00:00,at://did:plc:7kix7wonxqkwiyb2r3ygxw5q/app.bsky.feed.post/3mule2bmbq222,2026-09-03T01:59:27.671Z,1,0,1,0
2026-09-03T04:01:10.831546+00:00,at://did:plc:7kix7wonxqkwiyb2r3ygxw5q/app.bsky.feed.post/3muldpjsypk2x,2026-09-03T01:53:27.181Z,1,0,1,0
2026-09-03T04:01:10.831546+00:00,at://did:plc:7kix7wonxqkwiyb2r3ygxw5q/app.bsky.feed.post/3muldfz4xqc2k,2026-09-03T01:48:07.673Z,1,0,1,0
2026-09-03T04:01:10.831546+00:00,at://did:plc:7kix7wonxqkwiyb2r3ygxw5q/app.bsky.feed.post/3muldbkztwc2z,2026-09-03T01:45:38.676Z,1,0,0,0
2026-09-03T04:01:10.831546+00:00,at://did:plc:7kix7wonxqkwiyb2r3ygxw5q/app.bsky.feed.post/3mulcy2dl522h,2026-09-03T01:40:19.195Z,1,0,1,0
2026-09-03T04:01:10.831546+00:00,at://did:plc:7kix7wonxqkwiyb2r3ygxw5q/app.bsky.feed.post/3mulcwd2cwc2h,2026-09-03T01:39:21.210Z,2,0,0,0
2026-09-03T04:01:10.831546+00:00,at://did:plc:7kix7wonxqkwiyb2r3ygxw5q/app.bsky.feed.post/3mulcckkyps2b,2026-09-03T01:28:18.002Z,2,0,1,0
2026-09-03T04:01:10.831546+00:00,at://did:plc:7kix7wonxqkwiyb2r3ygxw5q/app.bsky.feed.post/3mulc4s2dis2x,2026-09-03T01:25:04.535Z,1,0,1,0
2026-09-03T04:01:10.831546+00:00,at://did:plc:7kix7wonxqkwiyb2r3ygxw5q/app.bsky.feed.post/3mulbzjil2c2x,2026-09-03T01:23:14.873Z,1,0,0,0
2026-09-03T04:01:10.831546+00:00,at://did:plc:7kix7wonxqkwiyb2r3ygxw5q/app.bsky.feed.post/3mulbswco4k2a,2026-09-03T01:19:33.452Z,5,0,0,0
2026-09-03T04:01:10.831546+00:00,at://did:plc:7kix7wonxqkwiyb2r3ygxw5q/app.bsky.feed.post/3mulbmppsnk26,2026-09-03T01:16:05.221Z,1,0,0,0
2026-09-03T04:01:10.831546+00:00,at://did:plc:7kix7wonxqkwiyb2r3ygxw5q/app.bsky.feed.post/3mulbcwvogk26,2026-09-03T01:10:37.202Z,16,8,0,0
2026-09-03T04:01:10.831546+00:00,at://did:plc:7kix7wonxqkwiyb2r3ygxw5q/app.bsky.feed.post/3mulayknosc2v,2026-09-03T01:04:48.820Z,9,4,0,0
2026-09-03T04:01:10.831546+00:00,at://did:plc:7kix7wonxqkwiyb2r3ygxw5q/app.bsky.feed.post/3mulaqvcuac2v,2026-09-03T01:00:31.556Z,4,2,0,0
2026-09-03T04:01:10.831546+00:00,at://did:plc:7kix7wonxqkwiyb2r3ygxw5q/app.bsky.feed.post/3mulacrbxbs2k,2026-09-03T00:52:37.554Z,1,0,0,0
2026-09-03T04:01:10.831546+00:00,at://did:plc:7kix7wonxqkwiyb2r3ygxw5q/app.bsky.feed.post/3mul7d7bldc26,2026-09-03T00:34:58.491Z,9,2,1,0
2026-09-03T04:01:10.831546+00:00,at://did:plc:7kix7wonxqkwiyb2r3ygxw5q/app.bsky.feed.post/3mul6s4mnvc22,2026-09-03T00:25:25.293Z,1,0,1,0
2026-09-03T04:01:10.831546+00:00,at://did:plc:7kix7wonxqkwiyb2r3ygxw5q/app.bsky.feed.post/3mul67onlz22v,2026-09-03T00:15:06.667Z,4,0,1,0
2026-09-03T04:01:10.831546+00:00,at://did:plc:7kix7wonxqkwiyb2r3ygxw5q/app.bsky.feed.post/3mul667ghks2v,2026-09-03T00:14:17.139Z,10,1,1,0
2026-09-03T04:01:10.831546+00:00,at://did:plc:7kix7wonxqkwiyb2r3ygxw5q/app.bsky.feed.post/3mul4yi7oyk22,2026-09-02T23:53:11.299Z,4,0,0,0
2026-09-03T04:01:10.831546+00:00,at://did:plc:7kix7wonxqkwiyb2r3ygxw5q/app.bsky.feed.post/3mul4glsljs22,2026-09-02T23:43:11.084Z,2,0,0,0
2026-09-03T04:01:10.831546+00:00,at://did:plc:7kix7wonxqkwiyb2r3ygxw5q/app.bsky.feed.post/3mul3uyc6gc22,2026-09-02T23:33:20.185Z,7,2,0,0
2026-09-03T04:01:10.831546+00:00,at://did:plc:7kix7wonxqkwiyb2r3ygxw5q/app.bsky.feed.post/3mukyhoyzps2p,2026-09-02T22:32:13.020Z,0,0,0,0
2026-09-03T04:01:10.831546+00:00,at://did:plc:7kix7wonxqkwiyb2r3ygxw5q/app.bsky.feed.post/3mukxwiim522o,2026-09-02T22:22:35.773Z,0,0,0,0
2026-09-03T04:01:10.831546+00:00,at://did:plc:7kix7wonxqkwiyb2r3ygxw5q/app.bsky.feed.post/3mukxlovkic2o,2026-09-02T22:16:33.389Z,7,0,0,0
2026-09-03T04:01:10.831546+00:00,at://did:plc:7kix7wonxqkwiyb2r3ygxw5q/app.bsky.feed.post/3mukx7ssxec2o,2026-09-02T22:09:54.841Z,5,1,0,0
2026-09-03T04:01:10.831546+00:00,at://did:plc:7kix7wonxqkwiyb2r3ygxw5q/app.bsky.feed.post/3mukwtzpzr22n,2026-09-02T22:03:19.431Z,5,1,0,0
2026-09-03T04:01:10.831546+00:00,at://did:plc:7kix7wonxqkwiyb2r3ygxw5q/app.bsky.feed.post/3mukw3r4grs22,2026-09-02T21:49:45.087Z,2,0,1,0
2026-09-03T04:01:10.831546+00:00,at://did:plc:7kix7wonxqkwiyb2r3ygxw5q/app.bsky.feed.post/3mukvx3gx4c22,2026-09-02T21:47:08.155Z,2,0,1,0
2026-09-03T04:01:10.831546+00:00,at://did:plc:7kix7wonxqkwiyb2r3ygxw5q/app.bsky.feed.post/3mukvseywbs2p,2026-09-02T21:44:30.411Z,5,1,0,0
2026-09-03T04:01:10.831546+00:00,at://did:plc:7kix7wonxqkwiyb2r3ygxw5q/app.bsky.feed.post/3mukvaigros2p,2026-09-02T21:34:30.030Z,4,1,0,0
2026-09-03T04:01:10.831546+00:00,at://did:plc:7kix7wonxqkwiyb2r3ygxw5q/app.bsky.feed.post/3mukv36lym22p,2026-09-02T21:31:31.945Z,2,0,1,0
2026-09-03T04:01:10.831546+00:00,at://did:plc:7kix7wonxqkwiyb2r3ygxw5q/app.bsky.feed.post/3mukuzvlvcc2p,2026-09-02T21:30:48.944Z,12,4,0,0
2026-09-03T04:01:10.831546+00:00,at://did:plc:7kix7wonxqkwiyb2r3ygxw5q/app.bsky.feed.post/3mukt5z6m4k2g,2026-09-02T20:57:19.441Z,1,0,0,0
2026-09-03T04:01:10.831546+00:00,at://did:plc:7kix7wonxqkwiyb2r3ygxw5q/app.bsky.feed.post/3mukszerv522g,2026-09-02T20:54:43.837Z,1,0,0,0
2026-09-03T04:01:10.831546+00:00,at://did:plc:7kix7wonxqkwiyb2r3ygxw5q/app.bsky.feed.post/3muksymlnqk2g,2026-09-02T20:54:18.465Z,9,1,2,0
2026-09-03T04:01:10.831546+00:00,at://did:plc:7kix7wonxqkwiyb2r3ygxw5q/app.bsky.feed.post/3mukskocmlc2g,2026-09-02T20:46:30.506Z,1,0,1,0
2026-09-03T04:01:10.831546+00:00,at://did:plc:7kix7wonxqkwiyb2r3ygxw5q/app.bsky.feed.post/3muksjf2ra22g,2026-09-02T20:45:47.249Z,15,3,0,0
2026-09-03T04:01:10.831546+00:00,at://did:plc:7kix7wonxqkwiyb2r3ygxw5q/app.bsky.feed.post/3mukqw53n722r,2026-09-02T20:17:07.614Z,7,1,0,0
2026-09-03T04:01:10.831546+00:00,at://did:plc:7kix7wonxqkwiyb2r3ygxw5q/app.bsky.feed.post/3mukqmgrmhc26,2026-09-02T20:11:42.209Z,12,1,2,0
2026-09-03T04:01:10.831546+00:00,at://did:plc:7kix7wonxqkwiyb2r3ygxw5q/app.bsky.feed.post/3mukpncydy226,2026-09-02T19:54:18.042Z,8,1,0,0
2026-09-03T04:01:10.831546+00:00,at://did:plc:7kix7wonxqkwiyb2r3ygxw5q/app.bsky.feed.post/3muki3giv3s22,2026-09-02T17:39:01.588Z,9,3,1,0
2026-09-03T04:01:10.831546+00:00,at://did:plc:7kix7wonxqkwiyb2r3ygxw5q/app.bsky.feed.post/3mukgwxxj2k22,2026-09-02T17:18:38.378Z,68,9,9,6
2026-09-03T04:01:10.831546+00:00,at://did:plc:7kix7wonxqkwiyb2r3ygxw5q/app.bsky.feed.post/3mukg4fmi4s2o,2026-09-02T17:03:46.727Z,0,0,0,0
2026-09-03T04:01:10.831546+00:00,at://did:plc:7kix7wonxqkwiyb2r3ygxw5q/app.bsky.feed.post/3mukfqcc5xk2o,2026-09-02T16:57:00.563Z,1,0,1,0
2026-09-03T04:01:10.831546+00:00,at://did:plc:7kix7wonxqkwiyb2r3ygxw5q/app.bsky.feed.post/3mukdco4h522s,2026-09-02T16:13:35.736Z,8,3,1,0
2026-09-03T04:01:10.831546+00:00,at://did:plc:7kix7wonxqkwiyb2r3ygxw5q/app.bsky.feed.post/3mukczr5dmc2s,2026-09-02T16:08:36.913Z,14,6,1,0
2026-09-03T04:01:10.831546+00:00,at://did:plc:7kix7wonxqkwiyb2r3ygxw5q/app.bsky.feed.post/3mukcftzw5k2s,2026-09-02T15:57:28.868Z,6,3,0,0
2026-09-03T04:01:10.831546+00:00,at://did:plc:7kix7wonxqkwiyb2r3ygxw5q/app.bsky.feed.post/3muk6wuot2c2e,2026-09-02T14:55:25.010Z,4,1,0,0
2026-09-03T04:01:10.831546+00:00,at://did:plc:7kix7wonxqkwiyb2r3ygxw5q/app.bsky.feed.post/3muk3sl5etc2s,2026-09-02T13:59:19.559Z,8,3,0,0
2026-09-03T04:01:10.831546+00:00,at://did:plc:7kix7wonxqkwiyb2r3ygxw5q/app.bsky.feed.post/3mujzn2h6vc2w,2026-09-02T13:20:26.802Z,1,0,0,0
2026-09-03T04:01:10.831546+00:00,at://did:plc:7kix7wonxqkwiyb2r3ygxw5q/app.bsky.feed.post/3mujzkiu7522w,2026-09-02T13:19:01.235Z,0,0,0,0
2026-09-03T04:01:10.831546+00:00,at://did:plc:7kix7wonxqkwiyb2r3ygxw5q/app.bsky.feed.post/3mujypq275s2v,2026-09-02T13:04:02.807Z,6,1,1,0
2026-09-03T04:01:10.831546+00:00,at://did:plc:7kix7wonxqkwiyb2r3ygxw5q/app.bsky.feed.post/3mujx2wdpcc2v,2026-09-02T12:34:31.029Z,5,1,0,0
2026-09-03T04:01:10.831546+00:00,at://did:plc:7kix7wonxqkwiyb2r3ygxw5q/app.bsky.feed.post/3mujwqne5hk2v,2026-09-02T12:28:46.060Z,7,1,0,0
2026-09-03T04:01:10.831546+00:00,at://did:plc:7kix7wonxqkwiyb2r3ygxw5q/app.bsky.feed.post/3muiw736hvk2j,2026-09-02T02:46:16.814Z,1,0,1,0
2026-09-03T04:01:10.831546+00:00,at://did:plc:7kix7wonxqkwiyb2r3ygxw5q/app.bsky.feed.post/3muivmzyqnk2u,2026-09-02T02:36:11.610Z,15,7,1,0
2026-09-03T04:01:10.831546+00:00,at://did:plc:7kix7wonxqkwiyb2r3ygxw5q/app.bsky.feed.post/3muiuxfdiks2m,2026-09-02T02:24:05.309Z,0,0,0,0
2026-09-03T04:01:10.831546+00:00,at://did:plc:7kix7wonxqkwiyb2r3ygxw5q/app.bsky.feed.post/3muiuhwxjck2g,2026-09-02T02:15:26.922Z,1,0,1,0
2026-09-03T04:01:10.831546+00:00,at://did:plc:7kix7wonxqkwiyb2r3ygxw5q/app.bsky.feed.post/3muiubpecok2g,2026-09-02T02:11:57.622Z,2,0,1,0
2026-09-03T04:01:10.831546+00:00,at://did:plc:7kix7wonxqkwiyb2r3ygxw5q/app.bsky.feed.post/3muitonxvyc2h,2026-09-02T02:01:18.637Z,9,1,0,0
2026-09-03T04:01:10.831546+00:00,at://did:plc:7kix7wonxqkwiyb2r3ygxw5q/app.bsky.feed.post/3muitk657u22h,2026-09-02T01:58:47.813Z,9,3,0,0
2026-09-03T04:01:10.831546+00:00,at://did:plc:7kix7wonxqkwiyb2r3ygxw5q/app.bsky.feed.post/3muisarrhj22o,2026-09-02T01:35:39.115Z,1,0,1,0
2026-09-03T04:01:10.831546+00:00,at://did:plc:7kix7wonxqkwiyb2r3ygxw5q/app.bsky.feed.post/3muis32xszs2o,2026-09-02T01:32:27.418Z,2,0,0,0
2026-09-03T04:01:10.831546+00:00,at://did:plc:7kix7wonxqkwiyb2r3ygxw5q/app.bsky.feed.post/3muir7wtvys23,2026-09-02T01:17:17.132Z,2,0,0,0
2026-09-03T04:01:10.831546+00:00,at://did:plc:7kix7wonxqkwiyb2r3ygxw5q/app.bsky.feed.post/3muir45c4ek2i,2026-09-02T01:15:09.657Z,28,7,3,0
2026-09-03T04:01:10.831546+00:00,at://did:plc:7kix7wonxqkwiyb2r3ygxw5q/app.bsky.feed.post/3muiqhqv5uk2a,2026-09-02T01:03:45.573Z,8,1,2,1
2026-09-03T04:01:10.831546+00:00,at://did:plc:7kix7wonxqkwiyb2r3ygxw5q/app.bsky.feed.post/3muiqd563bc2c,2026-09-02T01:01:10.689Z,2,0,1,0
2026-09-03T04:01:10.831546+00:00,at://did:plc:7kix7wonxqkwiyb2r3ygxw5q/app.bsky.feed.post/3muiq7unzis2c,2026-09-02T00:59:21.075Z,14,3,2,1
2026-09-03T04:01:10.831546+00:00,at://did:plc:7kix7wonxqkwiyb2r3ygxw5q/app.bsky.feed.post/3muipkgzit225,2026-09-02T00:47:22.162Z,33,11,3,2
2026-09-03T04:01:10.831546+00:00,at://did:plc:7kix7wonxqkwiyb2r3ygxw5q/app.bsky.feed.post/3muii7l74ps26,2026-09-01T22:36:01.227Z,7,2,1,0
2026-09-03T04:01:10.831546+00:00,at://did:plc:7kix7wonxqkwiyb2r3ygxw5q/app.bsky.feed.post/3muidkgl2sc2v,2026-09-01T21:12:36.787Z,14,4,1,0
2026-09-03T04:01:10.831546+00:00,at://did:plc:7kix7wonxqkwiyb2r3ygxw5q/app.bsky.feed.post/3muicvupv422v,2026-09-01T21:01:06.983Z,0,0,0,0
2026-09-03T04:01:10.831546+00:00,at://did:plc:7kix7wonxqkwiyb2r3ygxw5q/app.bsky.feed.post/3muicqf7gk22v,2026-09-01T20:58:02.943Z,1,0,0,0
2026-09-03T04:01:10.831546+00:00,at://did:plc:7kix7wonxqkwiyb2r3ygxw5q/app.bsky.feed.post/3muicljczn22v,2026-09-01T20:55:19.485Z,1,0,1,0
2026-09-03T04:01:10.831546+00:00,at://did:plc:7kix7wonxqkwiyb2r3ygxw5q/app.bsky.feed.post/3muicjqy4bk2v,2026-09-01T20:54:20.383Z,11,1,3,0
2026-09-03T04:01:10.831546+00:00,at://did:plc:7kix7wonxqkwiyb2r3ygxw5q/app.bsky.feed.post/3muiavdn4o22u,2026-09-01T20:25:01.552Z,12,2,2,0
2026-09-03T04:01:10.831546+00:00,at://did:plc:7kix7wonxqkwiyb2r3ygxw5q/app.bsky.feed.post/3mui3kepwsc2d,2026-09-01T18:49:24.911Z,19,8,3,0
2026-09-03T04:01:10.831546+00:00,at://did:plc:7kix7wonxqkwiyb2r3ygxw5q/app.bsky.feed.post/3muhylchnec2s,2026-09-01T17:56:14.876Z,1,0,0,0
2026-09-03T04:01:10.831546+00:00,at://did:plc:7kix7wonxqkwiyb2r3ygxw5q/app.bsky.feed.post/3muhxfbchdk2q,2026-09-01T17:34:58.577Z,6,3,0,0
2026-09-03T04:01:10.831546+00:00,at://did:plc:7kix7wonxqkwiyb2r3ygxw5q/app.bsky.feed.post/3muhwvw6dd22s,2026-09-01T17:26:23.593Z,1,0,0,0
2026-09-03T04:01:10.831546+00:00,at://did:plc:7kix7wonxqkwiyb2r3ygxw5q/app.bsky.feed.post/3muhv5jiuvk2y,2026-09-01T16:54:51.252Z,6,2,2,0
2026-09-03T04:01:10.831546+00:00,at://did:plc:7kix7wonxqkwiyb2r3ygxw5q/app.bsky.feed.post/3muhuc4525c2f,2026-09-01T16:39:31.281Z,1,0,1,0
2026-09-03T04:01:10.831546+00:00,at://did:plc:7kix7wonxqkwiyb2r3ygxw5q/app.bsky.feed.post/3muhua2tyjs2f,2026-09-01T16:38:22.810Z,9,2,1,0
2026-09-03T04:01:10.831546+00:00,at://did:plc:7kix7wonxqkwiyb2r3ygxw5q/app.bsky.feed.post/3muhu4dn4ec2r,2026-09-01T16:36:17.785Z,7,2,2,0
2026-09-03T05:34:50.272709+00:00,at://did:plc:7kix7wonxqkwiyb2r3ygxw5q/app.bsky.feed.post/3mulplv27oc2c,2026-09-03T05:26:09.616Z,2,0,0,0
2026-09-03T05:34:50.272709+00:00,at://did:plc:7kix7wonxqkwiyb2r3ygxw5q/app.bsky.feed.post/3mulnvwtyms22,2026-09-03T04:55:59.592Z,1,0,0,0
2026-09-03T05:34:50.272709+00:00,at://did:plc:7kix7wonxqkwiyb2r3ygxw5q/app.bsky.feed.post/3mulnnuvcac22,2026-09-03T04:51:29.102Z,1,0,1,0
2026-09-03T05:34:50.272709+00:00,at://did:plc:7kix7wonxqkwiyb2r3ygxw5q/app.bsky.feed.post/3mulnbsb6z222,2026-09-03T04:44:43.693Z,1,0,1,0
2026-09-03T05:34:50.272709+00:00,at://did:plc:7kix7wonxqkwiyb2r3ygxw5q/app.bsky.feed.post/3mulhck6m4k22,2026-09-03T02:57:46.321Z,9,2,1,0
2026-09-03T05:34:50.272709+00:00,at://did:plc:7kix7wonxqkwiyb2r3ygxw5q/app.bsky.feed.post/3mulewkmo5k22,2026-09-03T02:15:16.647Z,1,0,0,0
2026-09-03T05:34:50.272709+00:00,at://did:plc:7kix7wonxqkwiyb2r3ygxw5q/app.bsky.feed.post/3muleujj5cc2i,2026-09-03T02:14:08.371Z,1,0,0,0
2026-09-03T05:34:50.272709+00:00,at://did:plc:7kix7wonxqkwiyb2r3ygxw5q/app.bsky.feed.post/3mulejvnpms22,2026-09-03T02:08:12.008Z,1,0,0,0
2026-09-03T05:34:50.272709+00:00,at://did:plc:7kix7wonxqkwiyb2r3ygxw5q/app.bsky.feed.post/3muleiix7b22x,2026-09-03T02:07:25.131Z,1,0,1,0
2026-09-03T05:34:50.272709+00:00,at://did:plc:7kix7wonxqkwiyb2r3ygxw5q/app.bsky.feed.post/3muleddl6js2x,2026-09-03T02:04:31.719Z,1,0,1,0
2026-09-03T05:34:50.272709+00:00,at://did:plc:7kix7wonxqkwiyb2r3ygxw5q/app.bsky.feed.post/3mule2bmbq222,2026-09-03T01:59:27.671Z,1,0,1,0
2026-09-03T05:34:50.272709+00:00,at://did:plc:7kix7wonxqkwiyb2r3ygxw5q/app.bsky.feed.post/3muldpjsypk2x,2026-09-03T01:53:27.181Z,1,0,1,0
2026-09-03T05:34:50.272709+00:00,at://did:plc:7kix7wonxqkwiyb2r3ygxw5q/app.bsky.feed.post/3muldfz4xqc2k,2026-09-03T01:48:07.673Z,1,0,1,0
2026-09-03T05:34:50.272709+00:00,at://did:plc:7kix7wonxqkwiyb2r3ygxw5q/app.bsky.feed.post/3muldbkztwc2z,2026-09-03T01:45:38.676Z,1,0,0,0
2026-09-03T05:34:50.272709+00:00,at://did:plc:7kix7wonxqkwiyb2r3ygxw5q/app.bsky.feed.post/3mulcy2dl522h,2026-09-03T01:40:19.195Z,1,0,1,0
2026-09-03T05:34:50.272709+00:00,at://did:plc:7kix7wonxqkwiyb2r3ygxw5q/app.bsky.feed.post/3mulcwd2cwc2h,2026-09-03T01:39:21.210Z,2,0,0,0
2026-09-03T05:34:50.272709+00:00,at://did:plc:7kix7wonxqkwiyb2r3ygxw5q/app.bsky.feed.post/3mulcckkyps2b,2026-09-03T01:28:18.002Z,2,0,1,0
2026-09-03T05:34:50.272709+00:00,at://did:plc:7kix7wonxqkwiyb2r3ygxw5q/app.bsky.feed.post/3mulc4s2dis2x,2026-09-03T01:25:04.535Z,1,0,1,0
2026-09-03T05:34:50.272709+00:00,at://did:plc:7kix7wonxqkwiyb2r3ygxw5q/app.bsky.feed.post/3mulbzjil2c2x,2026-09-03T01:23:14.873Z,1,0,0,0
2026-09-03T05:34:50.272709+00:00,at://did:plc:7kix7wonxqkwiyb2r3ygxw5q/app.bsky.feed.post/3mulbswco4k2a,2026-09-03T01:19:33.452Z,6,0,0,0
2026-09-03T05:34:50.272709+00:00,at://did:plc:7kix7wonxqkwiyb2r3ygxw5q/app.bsky.feed.post/3mulbmppsnk26,2026-09-03T01:16:05.221Z,1,0,0,0
2026-09-03T05:34:50.272709+00:00,at://did:plc:7kix7wonxqkwiyb2r3ygxw5q/app.bsky.feed.post/3mulbcwvogk26,2026-09-03T01:10:37.202Z,17,8,0,0
2026-09-03T05:34:50.272709+00:00,at://did:plc:7kix7wonxqkwiyb2r3ygxw5q/app.bsky.feed.post/3mulayknosc2v,2026-09-03T01:04:48.820Z,9,4,0,0
2026-09-03T05:34:50.272709+00:00,at://did:plc:7kix7wonxqkwiyb2r3ygxw5q/app.bsky.feed.post/3mulaqvcuac2v,2026-09-03T01:00:31.556Z,5,3,0,0
2026-09-03T05:34:50.272709+00:00,at://did:plc:7kix7wonxqkwiyb2r3ygxw5q/app.bsky.feed.post/3mulacrbxbs2k,2026-09-03T00:52:37.554Z,1,0,0,0
2026-09-03T05:34:50.272709+00:00,at://did:plc:7kix7wonxqkwiyb2r3ygxw5q/app.bsky.feed.post/3mul7d7bldc26,2026-09-03T00:34:58.491Z,9,2,2,0
2026-09-03T05:34:50.272709+00:00,at://did:plc:7kix7wonxqkwiyb2r3ygxw5q/app.bsky.feed.post/3mul6s4mnvc22,2026-09-03T00:25:25.293Z,1,0,1,0
2026-09-03T05:34:50.272709+00:00,at://did:plc:7kix7wonxqkwiyb2r3ygxw5q/app.bsky.feed.post/3mul67onlz22v,2026-09-03T00:15:06.667Z,4,0,1,0
2026-09-03T05:34:50.272709+00:00,at://did:plc:7kix7wonxqkwiyb2r3ygxw5q/app.bsky.feed.post/3mul667ghks2v,2026-09-03T00:14:17.139Z,10,1,1,0
2026-09-03T05:34:50.272709+00:00,at://did:plc:7kix7wonxqkwiyb2r3ygxw5q/app.bsky.feed.post/3mul4yi7oyk22,2026-09-02T23:53:11.299Z,5,0,0,0
2026-09-03T05:34:50.272709+00:00,at://did:plc:7kix7wonxqkwiyb2r3ygxw5q/app.bsky.feed.post/3mul4glsljs22,2026-09-02T23:43:11.084Z,2,0,0,0
2026-09-03T05:34:50.272709+00:00,at://did:plc:7kix7wonxqkwiyb2r3ygxw5q/app.bsky.feed.post/3mul3uyc6gc22,2026-09-02T23:33:20.185Z,7,2,0,0
2026-09-03T05:34:50.272709+00:00,at://did:plc:7kix7wonxqkwiyb2r3ygxw5q/app.bsky.feed.post/3mukyhoyzps2p,2026-09-02T22:32:13.020Z,0,0,0,0
2026-09-03T05:34:50.272709+00:00,at://did:plc:7kix7wonxqkwiyb2r3ygxw5q/app.bsky.feed.post/3mukxwiim522o,2026-09-02T22:22:35.773Z,0,0,0,0
2026-09-03T05:34:50.272709+00:00,at://did:plc:7kix7wonxqkwiyb2r3ygxw5q/app.bsky.feed.post/3mukxlovkic2o,2026-09-02T22:16:33.389Z,7,0,0,0
2026-09-03T05:34:50.272709+00:00,at://did:plc:7kix7wonxqkwiyb2r3ygxw5q/app.bsky.feed.post/3mukx7ssxec2o,2026-09-02T22:09:54.841Z,5,1,0,0
2026-09-03T05:34:50.272709+00:00,at://did:plc:7kix7wonxqkwiyb2r3ygxw5q/app.bsky.feed.post/3mukwtzpzr22n,2026-09-02T22:03:19.431Z,5,1,0,0
2026-09-03T05:34:50.272709+00:00,at://did:plc:7kix7wonxqkwiyb2r3ygxw5q/app.bsky.feed.post/3mukw3r4grs22,2026-09-02T21:49:45.087Z,2,0,1,0
2026-09-03T05:34:50.272709+00:00,at://did:plc:7kix7wonxqkwiyb2r3ygxw5q/app.bsky.feed.post/3mukvx3gx4c22,2026-09-02T21:47:08.155Z,2,0,1,0
2026-09-03T05:34:50.272709+00:00,at://did:plc:7kix7wonxqkwiyb2r3ygxw5q/app.bsky.feed.post/3mukvseywbs2p,2026-09-02T21:44:30.411Z,5,1,0,0
2026-09-03T05:34:50.272709+00:00,at://did:plc:7kix7wonxqkwiyb2r3ygxw5q/app.bsky.feed.post/3mukvaigros2p,2026-09-02T21:34:30.030Z,4,1,0,0
2026-09-03T05:34:50.272709+00:00,at://did:plc:7kix7wonxqkwiyb2r3ygxw5q/app.bsky.feed.post/3mukv36lym22p,2026-09-02T21:31:31.945Z,2,0,1,0
2026-09-03T05:34:50.272709+00:00,at://did:plc:7kix7wonxqkwiyb2r3ygxw5q/app.bsky.feed.post/3mukuzvlvcc2p,2026-09-02T21:30:48.944Z,13,4,0,0
2026-09-03T05:34:50.272709+00:00,at://did:plc:7kix7wonxqkwiyb2r3ygxw5q/app.bsky.feed.post/3mukt5z6m4k2g,2026-09-02T20:57:19.441Z,1,0,0,0
2026-09-03T05:34:50.272709+00:00,at://did:plc:7kix7wonxqkwiyb2r3ygxw5q/app.bsky.feed.post/3mukszerv522g,2026-09-02T20:54:43.837Z,1,0,0,0
2026-09-03T05:34:50.272709+00:00,at://did:plc:7kix7wonxqkwiyb2r3ygxw5q/app.bsky.feed.post/3muksymlnqk2g,2026-09-02T20:54:18.465Z,9,1,2,0
2026-09-03T05:34:50.272709+00:00,at://did:plc:7kix7wonxqkwiyb2r3ygxw5q/app.bsky.feed.post/3mukskocmlc2g,2026-09-02T20:46:30.506Z,1,0,1,0
2026-09-03T05:34:50.272709+00:00,at://did:plc:7kix7wonxqkwiyb2r3ygxw5q/app.bsky.feed.post/3muksjf2ra22g,2026-09-02T20:45:47.249Z,16,3,0,0
2026-09-03T05:34:50.272709+00:00,at://did:plc:7kix7wonxqkwiyb2r3ygxw5q/app.bsky.feed.post/3mukqw53n722r,2026-09-02T20:17:07.614Z,7,1,0,0
2026-09-03T05:34:50.272709+00:00,at://did:plc:7kix7wonxqkwiyb2r3ygxw5q/app.bsky.feed.post/3mukqmgrmhc26,2026-09-02T20:11:42.209Z,12,1,2,0
2026-09-03T05:34:50.272709+00:00,at://did:plc:7kix7wonxqkwiyb2r3ygxw5q/app.bsky.feed.post/3mukpncydy226,2026-09-02T19:54:18.042Z,8,1,0,0
2026-09-03T05:34:50.272709+00:00,at://did:plc:7kix7wonxqkwiyb2r3ygxw5q/app.bsky.feed.post/3muki3giv3s22,2026-09-02T17:39:01.588Z,9,3,1,0
2026-09-03T05:34:50.272709+00:00,at://did:plc:7kix7wonxqkwiyb2r3ygxw5q/app.bsky.feed.post/3mukgwxxj2k22,2026-09-02T17:18:38.378Z,72,9,10,6
2026-09-03T05:34:50.272709+00:00,at://did:plc:7kix7wonxqkwiyb2r3ygxw5q/app.bsky.feed.post/3mukg4fmi4s2o,2026-09-02T17:03:46.727Z,0,0,0,0
2026-09-03T05:34:50.272709+00:00,at://did:plc:7kix7wonxqkwiyb2r3ygxw5q/app.bsky.feed.post/3mukfqcc5xk2o,2026-09-02T16:57:00.563Z,1,0,1,0
2026-09-03T05:34:50.272709+00:00,at://did:plc:7kix7wonxqkwiyb2r3ygxw5q/app.bsky.feed.post/3mukdco4h522s,2026-09-02T16:13:35.736Z,8,3,1,0
2026-09-03T05:34:50.272709+00:00,at://did:plc:7kix7wonxqkwiyb2r3ygxw5q/app.bsky.feed.post/3mukczr5dmc2s,2026-09-02T16:08:36.913Z,14,6,1,0
2026-09-03T05:34:50.272709+00:00,at://did:plc:7kix7wonxqkwiyb2r3ygxw5q/app.bsky.feed.post/3mukcftzw5k2s,2026-09-02T15:57:28.868Z,6,3,0,0
2026-09-03T05:34:50.272709+00:00,at://did:plc:7kix7wonxqkwiyb2r3ygxw5q/app.bsky.feed.post/3muk6wuot2c2e,2026-09-02T14:55:25.010Z,4,1,0,0
2026-09-03T05:34:50.272709+00:00,at://did:plc:7kix7wonxqkwiyb2r3ygxw5q/app.bsky.feed.post/3muk3sl5etc2s,2026-09-02T13:59:19.559Z,8,3,0,0
2026-09-03T05:34:50.272709+00:00,at://did:plc:7kix7wonxqkwiyb2r3ygxw5q/app.bsky.feed.post/3mujzn2h6vc2w,2026-09-02T13:20:26.802Z,1,0,0,0
2026-09-03T05:34:50.272709+00:00,at://did:plc:7kix7wonxqkwiyb2r3ygxw5q/app.bsky.feed.post/3mujzkiu7522w,2026-09-02T13:19:01.235Z,0,0,0,0
2026-09-03T05:34:50.272709+00:00,at://did:plc:7kix7wonxqkwiyb2r3ygxw5q/app.bsky.feed.post/3mujypq275s2v,2026-09-02T13:04:02.807Z,6,1,1,0
2026-09-03T05:34:50.272709+00:00,at://did:plc:7kix7wonxqkwiyb2r3ygxw5q/app.bsky.feed.post/3mujx2wdpcc2v,2026-09-02T12:34:31.029Z,5,1,0,0
2026-09-03T05:34:50.272709+00:00,at://did:plc:7kix7wonxqkwiyb2r3ygxw5q/app.bsky.feed.post/3mujwqne5hk2v,2026-09-02T12:28:46.060Z,7,1,0,0
2026-09-03T05:34:50.272709+00:00,at://did:plc:7kix7wonxqkwiyb2r3ygxw5q/app.bsky.feed.post/3muiw736hvk2j,2026-09-02T02:46:16.814Z,1,0,1,0
2026-09-03T05:34:50.272709+00:00,at://did:plc:7kix7wonxqkwiyb2r3ygxw5q/app.bsky.feed.post/3muivmzyqnk2u,2026-09-02T02:36:11.610Z,15,7,1,0
2026-09-03T05:34:50.272709+00:00,at://did:plc:7kix7wonxqkwiyb2r3ygxw5q/app.bsky.feed.post/3muiuxfdiks2m,2026-09-02T02:24:05.309Z,1,0,1,0
2026-09-03T05:34:50.272709+00:00,at://did:plc:7kix7wonxqkwiyb2r3ygxw5q/app.bsky.feed.post/3muiuhwxjck2g,2026-09-02T02:15:26.922Z,1,0,1,0
2026-09-03T05:34:50.272709+00:00,at://did:plc:7kix7wonxqkwiyb2r3ygxw5q/app.bsky.feed.post/3muiubpecok2g,2026-09-02T02:11:57.622Z,2,0,1,0
2026-09-03T05:34:50.272709+00:00,at://did:plc:7kix7wonxqkwiyb2r3ygxw5q/app.bsky.feed.post/3muitonxvyc2h,2026-09-02T02:01:18.637Z,9,1,0,0
2026-09-03T05:34:50.272709+00:00,at://did:plc:7kix7wonxqkwiyb2r3ygxw5q/app.bsky.feed.post/3muitk657u22h,2026-09-02T01:58:47.813Z,9,3,0,0
2026-09-03T05:34:50.272709+00:00,at://did:plc:7kix7wonxqkwiyb2r3ygxw5q/app.bsky.feed.post/3muisarrhj22o,2026-09-02T01:35:39.115Z,1,0,1,0
2026-09-03T05:34:50.272709+00:00,at://did:plc:7kix7wonxqkwiyb2r3ygxw5q/app.bsky.feed.post/3muis32xszs2o,2026-09-02T01:32:27.418Z,2,0,0,0
2026-09-03T05:34:50.272709+00:00,at://did:plc:7kix7wonxqkwiyb2r3ygxw5q/app.bsky.feed.post/3muir7wtvys23,2026-09-02T01:17:17.132Z,2,0,0,0
2026-09-03T05:34:50.272709+00:00,at://did:plc:7kix7wonxqkwiyb2r3ygxw5q/app.bsky.feed.post/3muir45c4ek2i,2026-09-02T01:15:09.657Z,28,7,3,0
2026-09-03T05:34:50.272709+00:00,at://did:plc:7kix7wonxqkwiyb2r3ygxw5q/app.bsky.feed.post/3muiqhqv5uk2a,2026-09-02T01:03:45.573Z,8,1,2,1
2026-09-03T05:34:50.272709+00:00,at://did:plc:7kix7wonxqkwiyb2r3ygxw5q/app.bsky.feed.post/3muiqd563bc2c,2026-09-02T01:01:10.689Z,2,0,1,0
2026-09-03T05:34:50.272709+00:00,at://did:plc:7kix7wonxqkwiyb2r3ygxw5q/app.bsky.feed.post/3muiq7unzis2c,2026-09-02T00:59:21.075Z,14,3,2,1
2026-09-03T05:34:50.272709+00:00,at://did:plc:7kix7wonxqkwiyb2r3ygxw5q/app.bsky.feed.post/3muipkgzit225,2026-09-02T00:47:22.162Z,33,11,3,2
2026-09-03T05:34:50.272709+00:00,at://did:plc:7kix7wonxqkwiyb2r3ygxw5q/app.bsky.feed.post/3muii7l74ps26,2026-09-01T22:36:01.227Z,7,2,1,0
2026-09-03T05:34:50.272709+00:00,at://did:plc:7kix7wonxqkwiyb2r3ygxw5q/app.bsky.feed.post/3muidkgl2sc2v,2026-09-01T21:12:36.787Z,14,4,1,0
2026-09-03T05:34:50.272709+00:00,at://did:plc:7kix7wonxqkwiyb2r3ygxw5q/app.bsky.feed.post/3muicvupv422v,2026-09-01T21:01:06.983Z,0,0,0,0
2026-09-03T05:34:50.272709+00:00,at://did:plc:7kix7wonxqkwiyb2r3ygxw5q/app.bsky.feed.post/3muicqf7gk22v,2026-09-01T20:58:02.943Z,1,0,0,0
2026-09-03T05:34:50.272709+00:00,at://did:plc:7kix7wonxqkwiyb2r3ygxw5q/app.bsky.feed.post/3muicljczn22v,2026-09-01T20:55:19.485Z,1,0,1,0
2026-09-03T05:34:50.272709+00:00,at://did:plc:7kix7wonxqkwiyb2r3ygxw5q/app.bsky.feed.post/3muicjqy4bk2v,2026-09-01T20:54:20.383Z,11,1,3,0
2026-09-03T05:34:50.272709+00:00,at://did:plc:7kix7wonxqkwiyb2r3ygxw5q/app.bsky.feed.post/3muiavdn4o22u,2026-09-01T20:25:01.552Z,12,2,2,0
2026-09-03T05:34:50.272709+00:00,at://did:plc:7kix7wonxqkwiyb2r3ygxw5q/app.bsky.feed.post/3mui3kepwsc2d,2026-09-01T18:49:24.911Z,19,8,3,0
2026-09-03T05:34:50.272709+00:00,at://did:plc:7kix7wonxqkwiyb2r3ygxw5q/app.bsky.feed.post/3muhylchnec2s,2026-09-01T17:56:14.876Z,1,0,0,0
2026-09-03T05:57:41.634413+00:00,at://did:plc:7kix7wonxqkwiyb2r3ygxw5q/app.bsky.feed.post/3mulplv27oc2c,2026-09-03T05:26:09.616Z,4,0,1,0
2026-09-03T05:57:41.634413+00:00,at://did:plc:7kix7wonxqkwiyb2r3ygxw5q/app.bsky.feed.post/3mulnvwtyms22,2026-09-03T04:55:59.592Z,1,0,0,0
2026-09-03T05:57:41.634413+00:00,at://did:plc:7kix7wonxqkwiyb2r3ygxw5q/app.bsky.feed.post/3mulnnuvcac22,2026-09-03T04:51:29.102Z,1,0,1,0
2026-09-03T05:57:41.634413+00:00,at://did:plc:7kix7wonxqkwiyb2r3ygxw5q/app.bsky.feed.post/3mulnbsb6z222,2026-09-03T04:44:43.693Z,1,0,1,0
2026-09-03T05:57:41.634413+00:00,at://did:plc:7kix7wonxqkwiyb2r3ygxw5q/app.bsky.feed.post/3mulhck6m4k22,2026-09-03T02:57:46.321Z,9,2,1,0
2026-09-03T05:57:41.634413+00:00,at://did:plc:7kix7wonxqkwiyb2r3ygxw5q/app.bsky.feed.post/3mulewkmo5k22,2026-09-03T02:15:16.647Z,1,0,0,0
2026-09-03T05:57:41.634413+00:00,at://did:plc:7kix7wonxqkwiyb2r3ygxw5q/app.bsky.feed.post/3muleujj5cc2i,2026-09-03T02:14:08.371Z,1,0,0,0
2026-09-03T05:57:41.634413+00:00,at://did:plc:7kix7wonxqkwiyb2r3ygxw5q/app.bsky.feed.post/3mulejvnpms22,2026-09-03T02:08:12.008Z,1,0,0,0
2026-09-03T05:57:41.634413+00:00,at://did:plc:7kix7wonxqkwiyb2r3ygxw5q/app.bsky.feed.post/3muleiix7b22x,2026-09-03T02:07:25.131Z,1,0,1,0
2026-09-03T05:57:41.634413+00:00,at://did:plc:7kix7wonxqkwiyb2r3ygxw5q/app.bsky.feed.post/3muleddl6js2x,2026-09-03T02:04:31.719Z,1,0,1,0
2026-09-03T05:57:41.634413+00:00,at://did:plc:7kix7wonxqkwiyb2r3ygxw5q/app.bsky.feed.post/3mule2bmbq222,2026-09-03T01:59:27.671Z,1,0,1,0
2026-09-03T05:57:41.634413+00:00,at://did:plc:7kix7wonxqkwiyb2r3ygxw5q/app.bsky.feed.post/3muldpjsypk2x,2026-09-03T01:53:27.181Z,1,0,1,0
2026-09-03T05:57:41.634413+00:00,at://did:plc:7kix7wonxqkwiyb2r3ygxw5q/app.bsky.feed.post/3muldfz4xqc2k,2026-09-03T01:48:07.673Z,1,0,1,0
2026-09-03T05:57:41.634413+00:00,at://did:plc:7kix7wonxqkwiyb2r3ygxw5q/app.bsky.feed.post/3muldbkztwc2z,2026-09-03T01:45:38.676Z,1,0,0,0
2026-09-03T05:57:41.634413+00:00,at://did:plc:7kix7wonxqkwiyb2r3ygxw5q/app.bsky.feed.post/3mulcy2dl522h,2026-09-03T01:40:19.195Z,1,0,1,0
2026-09-03T05:57:41.634413+00:00,at://did:plc:7kix7wonxqkwiyb2r3ygxw5q/app.bsky.feed.post/3mulcwd2cwc2h,2026-09-03T01:39:21.210Z,2,0,0,0
2026-09-03T05:57:41.634413+00:00,at://did:plc:7kix7wonxqkwiyb2r3ygxw5q/app.bsky.feed.post/3mulcckkyps2b,2026-09-03T01:28:18.002Z,2,0,1,0
2026-09-03T05:57:41.634413+00:00,at://did:plc:7kix7wonxqkwiyb2r3ygxw5q/app.bsky.feed.post/3mulc4s2dis2x,2026-09-03T01:25:04.535Z,1,0,1,0
2026-09-03T05:57:41.634413+00:00,at://did:plc:7kix7wonxqkwiyb2r3ygxw5q/app.bsky.feed.post/3mulbzjil2c2x,2026-09-03T01:23:14.873Z,1,0,0,0
2026-09-03T05:57:41.634413+00:00,at://did:plc:7kix7wonxqkwiyb2r3ygxw5q/app.bsky.feed.post/3mulbswco4k2a,2026-09-03T01:19:33.452Z,6,0,0,0
2026-09-03T05:57:41.634413+00:00,at://did:plc:7kix7wonxqkwiyb2r3ygxw5q/app.bsky.feed.post/3mulbmppsnk26,2026-09-03T01:16:05.221Z,1,0,0,0
2026-09-03T05:57:41.634413+00:00,at://did:plc:7kix7wonxqkwiyb2r3ygxw5q/app.bsky.feed.post/3mulbcwvogk26,2026-09-03T01:10:37.202Z,17,8,0,0
2026-09-03T05:57:41.634413+00:00,at://did:plc:7kix7wonxqkwiyb2r3ygxw5q/app.bsky.feed.post/3mulayknosc2v,2026-09-03T01:04:48.820Z,9,4,0,0
2026-09-03T05:57:41.634413+00:00,at://did:plc:7kix7wonxqkwiyb2r3ygxw5q/app.bsky.feed.post/3mulaqvcuac2v,2026-09-03T01:00:31.556Z,5,3,0,0
2026-09-03T05:57:41.634413+00:00,at://did:plc:7kix7wonxqkwiyb2r3ygxw5q/app.bsky.feed.post/3mulacrbxbs2k,2026-09-03T00:52:37.554Z,1,0,0,0
2026-09-03T05:57:41.634413+00:00,at://did:plc:7kix7wonxqkwiyb2r3ygxw5q/app.bsky.feed.post/3mul7d7bldc26,2026-09-03T00:34:58.491Z,9,2,2,0
2026-09-03T05:57:41.634413+00:00,at://did:plc:7kix7wonxqkwiyb2r3ygxw5q/app.bsky.feed.post/3mul6s4mnvc22,2026-09-03T00:25:25.293Z,1,0,1,0
2026-09-03T05:57:41.634413+00:00,at://did:plc:7kix7wonxqkwiyb2r3ygxw5q/app.bsky.feed.post/3mul67onlz22v,2026-09-03T00:15:06.667Z,4,0,1,0
2026-09-03T05:57:41.634413+00:00,at://did:plc:7kix7wonxqkwiyb2r3ygxw5q/app.bsky.feed.post/3mul667ghks2v,2026-09-03T00:14:17.139Z,10,1,1,0
2026-09-03T05:57:41.634413+00:00,at://did:plc:7kix7wonxqkwiyb2r3ygxw5q/app.bsky.feed.post/3mul4yi7oyk22,2026-09-02T23:53:11.299Z,5,0,0,0
2026-09-03T05:57:41.634413+00:00,at://did:plc:7kix7wonxqkwiyb2r3ygxw5q/app.bsky.feed.post/3mul4glsljs22,2026-09-02T23:43:11.084Z,2,0,0,0
2026-09-03T05:57:41.634413+00:00,at://did:plc:7kix7wonxqkwiyb2r3ygxw5q/app.bsky.feed.post/3mul3uyc6gc22,2026-09-02T23:33:20.185Z,7,2,0,0
2026-09-03T05:57:41.634413+00:00,at://did:plc:7kix7wonxqkwiyb2r3ygxw5q/app.bsky.feed.post/3mukyhoyzps2p,2026-09-02T22:32:13.020Z,0,0,0,0
2026-09-03T05:57:41.634413+00:00,at://did:plc:7kix7wonxqkwiyb2r3ygxw5q/app.bsky.feed.post/3mukxwiim522o,2026-09-02T22:22:35.773Z,0,0,0,0
2026-09-03T05:57:41.634413+00:00,at://did:plc:7kix7wonxqkwiyb2r3ygxw5q/app.bsky.feed.post/3mukxlovkic2o,2026-09-02T22:16:33.389Z,7,0,0,0
2026-09-03T05:57:41.634413+00:00,at://did:plc:7kix7wonxqkwiyb2r3ygxw5q/app.bsky.feed.post/3mukx7ssxec2o,2026-09-02T22:09:54.841Z,5,1,0,0
2026-09-03T05:57:41.634413+00:00,at://did:plc:7kix7wonxqkwiyb2r3ygxw5q/app.bsky.feed.post/3mukwtzpzr22n,2026-09-02T22:03:19.431Z,5,1,0,0
2026-09-03T05:57:41.634413+00:00,at://did:plc:7kix7wonxqkwiyb2r3ygxw5q/app.bsky.feed.post/3mukw3r4grs22,2026-09-02T21:49:45.087Z,2,0,1,0
2026-09-03T05:57:41.634413+00:00,at://did:plc:7kix7wonxqkwiyb2r3ygxw5q/app.bsky.feed.post/3mukvx3gx4c22,2026-09-02T21:47:08.155Z,2,0,1,0
2026-09-03T05:57:41.634413+00:00,at://did:plc:7kix7wonxqkwiyb2r3ygxw5q/app.bsky.feed.post/3mukvseywbs2p,2026-09-02T21:44:30.411Z,5,1,0,0
2026-09-03T05:57:41.634413+00:00,at://did:plc:7kix7wonxqkwiyb2r3ygxw5q/app.bsky.feed.post/3mukvaigros2p,2026-09-02T21:34:30.030Z,4,1,0,0
2026-09-03T05:57:41.634413+00:00,at://did:plc:7kix7wonxqkwiyb2r3ygxw5q/app.bsky.feed.post/3mukv36lym22p,2026-09-02T21:31:31.945Z,2,0,1,0
2026-09-03T05:57:41.634413+00:00,at://did:plc:7kix7wonxqkwiyb2r3ygxw5q/app.bsky.feed.post/3mukuzvlvcc2p,2026-09-02T21:30:48.944Z,13,4,0,0
2026-09-03T05:57:41.634413+00:00,at://did:plc:7kix7wonxqkwiyb2r3ygxw5q/app.bsky.feed.post/3mukt5z6m4k2g,2026-09-02T20:57:19.441Z,1,0,0,0
2026-09-03T05:57:41.634413+00:00,at://did:plc:7kix7wonxqkwiyb2r3ygxw5q/app.bsky.feed.post/3mukszerv522g,2026-09-02T20:54:43.837Z,1,0,0,0
2026-09-03T05:57:41.634413+00:00,at://did:plc:7kix7wonxqkwiyb2r3ygxw5q/app.bsky.feed.post/3muksymlnqk2g,2026-09-02T20:54:18.465Z,9,1,2,0
2026-09-03T05:57:41.634413+00:00,at://did:plc:7kix7wonxqkwiyb2r3ygxw5q/app.bsky.feed.post/3mukskocmlc2g,2026-09-02T20:46:30.506Z,1,0,1,0
2026-09-03T05:57:41.634413+00:00,at://did:plc:7kix7wonxqkwiyb2r3ygxw5q/app.bsky.feed.post/3muksjf2ra22g,2026-09-02T20:45:47.249Z,16,3,0,0
2026-09-03T05:57:41.634413+00:00,at://did:plc:7kix7wonxqkwiyb2r3ygxw5q/app.bsky.feed.post/3mukqw53n722r,2026-09-02T20:17:07.614Z,7,1,0,0
2026-09-03T05:57:41.634413+00:00,at://did:plc:7kix7wonxqkwiyb2r3ygxw5q/app.bsky.feed.post/3mukqmgrmhc26,2026-09-02T20:11:42.209Z,12,1,2,0
2026-09-03T05:57:41.634413+00:00,at://did:plc:7kix7wonxqkwiyb2r3ygxw5q/app.bsky.feed.post/3mukpncydy226,2026-09-02T19:54:18.042Z,8,1,0,0
2026-09-03T05:57:41.634413+00:00,at://did:plc:7kix7wonxqkwiyb2r3ygxw5q/app.bsky.feed.post/3muki3giv3s22,2026-09-02T17:39:01.588Z,9,3,1,0
2026-09-03T05:57:41.634413+00:00,at://did:plc:7kix7wonxqkwiyb2r3ygxw5q/app.bsky.feed.post/3mukgwxxj2k22,2026-09-02T17:18:38.378Z,72,9,10,6
2026-09-03T05:57:41.634413+00:00,at://did:plc:7kix7wonxqkwiyb2r3ygxw5q/app.bsky.feed.post/3mukg4fmi4s2o,2026-09-02T17:03:46.727Z,0,0,0,0
2026-09-03T05:57:41.634413+00:00,at://did:plc:7kix7wonxqkwiyb2r3ygxw5q/app.bsky.feed.post/3mukfqcc5xk2o,2026-09-02T16:57:00.563Z,1,0,1,0
2026-09-03T05:57:41.634413+00:00,at://did:plc:7kix7wonxqkwiyb2r3ygxw5q/app.bsky.feed.post/3mukdco4h522s,2026-09-02T16:13:35.736Z,8,3,1,0
2026-09-03T05:57:41.634413+00:00,at://did:plc:7kix7wonxqkwiyb2r3ygxw5q/app.bsky.feed.post/3mukczr5dmc2s,2026-09-02T16:08:36.913Z,14,6,1,0
2026-09-03T05:57:41.634413+00:00,at://did:plc:7kix7wonxqkwiyb2r3ygxw5q/app.bsky.feed.post/3mukcftzw5k2s,2026-09-02T15:57:28.868Z,6,3,0,0
2026-09-03T05:57:41.634413+00:00,at://did:plc:7kix7wonxqkwiyb2r3ygxw5q/app.bsky.feed.post/3muk6wuot2c2e,2026-09-02T14:55:25.010Z,4,1,0,0
2026-09-03T05:57:41.634413+00:00,at://did:plc:7kix7wonxqkwiyb2r3ygxw5q/app.bsky.feed.post/3muk3sl5etc2s,2026-09-02T13:59:19.559Z,8,3,0,0
2026-09-03T05:57:41.634413+00:00,at://did:plc:7kix7wonxqkwiyb2r3ygxw5q/app.bsky.feed.post/3mujzn2h6vc2w,2026-09-02T13:20:26.802Z,1,0,0,0
2026-09-03T05:57:41.634413+00:00,at://did:plc:7kix7wonxqkwiyb2r3ygxw5q/app.bsky.feed.post/3mujzkiu7522w,2026-09-02T13:19:01.235Z,0,0,0,0
2026-09-03T05:57:41.634413+00:00,at://did:plc:7kix7wonxqkwiyb2r3ygxw5q/app.bsky.feed.post/3mujypq275s2v,2026-09-02T13:04:02.807Z,6,1,1,0
2026-09-03T05:57:41.634413+00:00,at://did:plc:7kix7wonxqkwiyb2r3ygxw5q/app.bsky.feed.post/3mujx2wdpcc2v,2026-09-02T12:34:31.029Z,5,1,0,0
2026-09-03T05:57:41.634413+00:00,at://did:plc:7kix7wonxqkwiyb2r3ygxw5q/app.bsky.feed.post/3mujwqne5hk2v,2026-09-02T12:28:46.060Z,7,1,0,0
2026-09-03T05:57:41.634413+00:00,at://did:plc:7kix7wonxqkwiyb2r3ygxw5q/app.bsky.feed.post/3muiw736hvk2j,2026-09-02T02:46:16.814Z,1,0,1,0
2026-09-03T05:57:41.634413+00:00,at://did:plc:7kix7wonxqkwiyb2r3ygxw5q/app.bsky.feed.post/3muivmzyqnk2u,2026-09-02T02:36:11.610Z,15,7,1,0
2026-09-03T05:57:41.634413+00:00,at://did:plc:7kix7wonxqkwiyb2r3ygxw5q/app.bsky.feed.post/3muiuxfdiks2m,2026-09-02T02:24:05.309Z,1,0,1,0
2026-09-03T05:57:41.634413+00:00,at://did:plc:7kix7wonxqkwiyb2r3ygxw5q/app.bsky.feed.post/3muiuhwxjck2g,2026-09-02T02:15:26.922Z,1,0,1,0
2026-09-03T05:57:41.634413+00:00,at://did:plc:7kix7wonxqkwiyb2r3ygxw5q/app.bsky.feed.post/3muiubpecok2g,2026-09-02T02:11:57.622Z,2,0,1,0
2026-09-03T05:57:41.634413+00:00,at://did:plc:7kix7wonxqkwiyb2r3ygxw5q/app.bsky.feed.post/3muitonxvyc2h,2026-09-02T02:01:18.637Z,9,1,0,0
2026-09-03T05:57:41.634413+00:00,at://did:plc:7kix7wonxqkwiyb2r3ygxw5q/app.bsky.feed.post/3muitk657u22h,2026-09-02T01:58:47.813Z,9,3,0,0
2026-09-03T05:57:41.634413+00:00,at://did:plc:7kix7wonxqkwiyb2r3ygxw5q/app.bsky.feed.post/3muisarrhj22o,2026-09-02T01:35:39.115Z,1,0,1,0
2026-09-03T05:57:41.634413+00:00,at://did:plc:7kix7wonxqkwiyb2r3ygxw5q/app.bsky.feed.post/3muis32xszs2o,2026-09-02T01:32:27.418Z,2,0,0,0
2026-09-03T05:57:41.634413+00:00,at://did:plc:7kix7wonxqkwiyb2r3ygxw5q/app.bsky.feed.post/3muir7wtvys23,2026-09-02T01:17:17.132Z,2,0,0,0
2026-09-03T05:57:41.634413+00:00,at://did:plc:7kix7wonxqkwiyb2r3ygxw5q/app.bsky.feed.post/3muir45c4ek2i,2026-09-02T01:15:09.657Z,28,7,3,0
2026-09-03T05:57:41.634413+00:00,at://did:plc:7kix7wonxqkwiyb2r3ygxw5q/app.bsky.feed.post/3muiqhqv5uk2a,2026-09-02T01:03:45.573Z,8,1,2,1
2026-09-03T05:57:41.634413+00:00,at://did:plc:7kix7wonxqkwiyb2r3ygxw5q/app.bsky.feed.post/3muiqd563bc2c,2026-09-02T01:01:10.689Z,2,0,1,0
2026-09-03T05:57:41.634413+00:00,at://did:plc:7kix7wonxqkwiyb2r3ygxw5q/app.bsky.feed.post/3muiq7unzis2c,2026-09-02T00:59:21.075Z,14,3,2,1
2026-09-03T05:57:41.634413+00:00,at://did:plc:7kix7wonxqkwiyb2r3ygxw5q/app.bsky.feed.post/3muipkgzit225,2026-09-02T00:47:22.162Z,33,11,3,2
2026-09-03T05:57:41.634413+00:00,at://did:plc:7kix7wonxqkwiyb2r3ygxw5q/app.bsky.feed.post/3muii7l74ps26,2026-09-01T22:36:01.227Z,7,2,1,0
2026-09-03T05:57:41.634413+00:00,at://did:plc:7kix7wonxqkwiyb2r3ygxw5q/app.bsky.feed.post/3muidkgl2sc2v,2026-09-01T21:12:36.787Z,14,4,1,0
2026-09-03T05:57:41.634413+00:00,at://did:plc:7kix7wonxqkwiyb2r3ygxw5q/app.bsky.feed.post/3muicvupv422v,2026-09-01T21:01:06.983Z,0,0,0,0
2026-09-03T05:57:41.634413+00:00,at://did:plc:7kix7wonxqkwiyb2r3ygxw5q/app.bsky.feed.post/3muicqf7gk22v,2026-09-01T20:58:02.943Z,1,0,0,0
2026-09-03T05:57:41.634413+00:00,at://did:plc:7kix7wonxqkwiyb2r3ygxw5q/app.bsky.feed.post/3muicljczn22v,2026-09-01T20:55:19.485Z,1,0,1,0
2026-09-03T05:57:41.634413+00:00,at://did:plc:7kix7wonxqkwiyb2r3ygxw5q/app.bsky.feed.post/3muicjqy4bk2v,2026-09-01T20:54:20.383Z,11,1,3,0
2026-09-03T05:57:41.634413+00:00,at://did:plc:7kix7wonxqkwiyb2r3ygxw5q/app.bsky.feed.post/3muiavdn4o22u,2026-09-01T20:25:01.552Z,12,2,2,0
2026-09-03T05:57:41.634413+00:00,at://did:plc:7kix7wonxqkwiyb2r3ygxw5q/app.bsky.feed.post/3mui3kepwsc2d,2026-09-01T18:49:24.911Z,19,8,3,0
2026-09-03T05:57:41.634413+00:00,at://did:plc:7kix7wonxqkwiyb2r3ygxw5q/app.bsky.feed.post/3muhylchnec2s,2026-09-01T17:56:14.876Z,1,0,0,0
2026-09-03T06:24:56.200560+00:00,at://did:plc:7kix7wonxqkwiyb2r3ygxw5q/app.bsky.feed.post/3mulplv27oc2c,2026-09-03T05:26:09.616Z,4,0,1,0
2026-09-03T06:24:56.200560+00:00,at://did:plc:7kix7wonxqkwiyb2r3ygxw5q/app.bsky.feed.post/3mulnvwtyms22,2026-09-03T04:55:59.592Z,1,0,0,0
2026-09-03T06:24:56.200560+00:00,at://did:plc:7kix7wonxqkwiyb2r3ygxw5q/app.bsky.feed.post/3mulnnuvcac22,2026-09-03T04:51:29.102Z,1,0,1,0
2026-09-03T06:24:56.200560+00:00,at://did:plc:7kix7wonxqkwiyb2r3ygxw5q/app.bsky.feed.post/3mulnbsb6z222,2026-09-03T04:44:43.693Z,1,0,1,0
2026-09-03T06:24:56.200560+00:00,at://did:plc:7kix7wonxqkwiyb2r3ygxw5q/app.bsky.feed.post/3mulhck6m4k22,2026-09-03T02:57:46.321Z,9,2,1,0
2026-09-03T06:24:56.200560+00:00,at://did:plc:7kix7wonxqkwiyb2r3ygxw5q/app.bsky.feed.post/3mulewkmo5k22,2026-09-03T02:15:16.647Z,1,0,0,0
2026-09-03T06:24:56.200560+00:00,at://did:plc:7kix7wonxqkwiyb2r3ygxw5q/app.bsky.feed.post/3muleujj5cc2i,2026-09-03T02:14:08.371Z,1,0,0,0
2026-09-03T06:24:56.200560+00:00,at://did:plc:7kix7wonxqkwiyb2r3ygxw5q/app.bsky.feed.post/3mulejvnpms22,2026-09-03T02:08:12.008Z,1,0,0,0
2026-09-03T06:24:56.200560+00:00,at://did:plc:7kix7wonxqkwiyb2r3ygxw5q/app.bsky.feed.post/3muleiix7b22x,2026-09-03T02:07:25.131Z,1,0,1,0
2026-09-03T06:24:56.200560+00:00,at://did:plc:7kix7wonxqkwiyb2r3ygxw5q/app.bsky.feed.post/3muleddl6js2x,2026-09-03T02:04:31.719Z,1,0,1,0
2026-09-03T06:24:56.200560+00:00,at://did:plc:7kix7wonxqkwiyb2r3ygxw5q/app.bsky.feed.post/3mule2bmbq222,2026-09-03T01:59:27.671Z,1,0,1,0
2026-09-03T06:24:56.200560+00:00,at://did:plc:7kix7wonxqkwiyb2r3ygxw5q/app.bsky.feed.post/3muldpjsypk2x,2026-09-03T01:53:27.181Z,1,0,1,0
2026-09-03T06:24:56.200560+00:00,at://did:plc:7kix7wonxqkwiyb2r3ygxw5q/app.bsky.feed.post/3muldfz4xqc2k,2026-09-03T01:48:07.673Z,1,0,1,0
2026-09-03T06:24:56.200560+00:00,at://did:plc:7kix7wonxqkwiyb2r3ygxw5q/app.bsky.feed.post/3muldbkztwc2z,2026-09-03T01:45:38.676Z,1,0,0,0
2026-09-03T06:24:56.200560+00:00,at://did:plc:7kix7wonxqkwiyb2r3ygxw5q/app.bsky.feed.post/3mulcy2dl522h,2026-09-03T01:40:19.195Z,1,0,1,0
2026-09-03T06:24:56.200560+00:00,at://did:plc:7kix7wonxqkwiyb2r3ygxw5q/app.bsky.feed.post/3mulcwd2cwc2h,2026-09-03T01:39:21.210Z,2,0,0,0
2026-09-03T06:24:56.200560+00:00,at://did:plc:7kix7wonxqkwiyb2r3ygxw5q/app.bsky.feed.post/3mulcckkyps2b,2026-09-03T01:28:18.002Z,2,0,1,0
2026-09-03T06:24:56.200560+00:00,at://did:plc:7kix7wonxqkwiyb2r3ygxw5q/app.bsky.feed.post/3mulc4s2dis2x,2026-09-03T01:25:04.535Z,1,0,1,0
2026-09-03T06:24:56.200560+00:00,at://did:plc:7kix7wonxqkwiyb2r3ygxw5q/app.bsky.feed.post/3mulbzjil2c2x,2026-09-03T01:23:14.873Z,1,0,0,0
2026-09-03T06:24:56.200560+00:00,at://did:plc:7kix7wonxqkwiyb2r3ygxw5q/app.bsky.feed.post/3mulbswco4k2a,2026-09-03T01:19:33.452Z,6,0,0,0
2026-09-03T06:24:56.200560+00:00,at://did:plc:7kix7wonxqkwiyb2r3ygxw5q/app.bsky.feed.post/3mulbmppsnk26,2026-09-03T01:16:05.221Z,1,0,0,0
2026-09-03T06:24:56.200560+00:00,at://did:plc:7kix7wonxqkwiyb2r3ygxw5q/app.bsky.feed.post/3mulbcwvogk26,2026-09-03T01:10:37.202Z,17,8,0,0
2026-09-03T06:24:56.200560+00:00,at://did:plc:7kix7wonxqkwiyb2r3ygxw5q/app.bsky.feed.post/3mulayknosc2v,2026-09-03T01:04:48.820Z,9,4,0,0
2026-09-03T06:24:56.200560+00:00,at://did:plc:7kix7wonxqkwiyb2r3ygxw5q/app.bsky.feed.post/3mulaqvcuac2v,2026-09-03T01:00:31.556Z,5,3,0,0
2026-09-03T06:24:56.200560+00:00,at://did:plc:7kix7wonxqkwiyb2r3ygxw5q/app.bsky.feed.post/3mulacrbxbs2k,2026-09-03T00:52:37.554Z,1,0,0,0
2026-09-03T06:24:56.200560+00:00,at://did:plc:7kix7wonxqkwiyb2r3ygxw5q/app.bsky.feed.post/3mul7d7bldc26,2026-09-03T00:34:58.491Z,9,2,2,0
2026-09-03T06:24:56.200560+00:00,at://did:plc:7kix7wonxqkwiyb2r3ygxw5q/app.bsky.feed.post/3mul6s4mnvc22,2026-09-03T00:25:25.293Z,1,0,1,0
2026-09-03T06:24:56.200560+00:00,at://did:plc:7kix7wonxqkwiyb2r3ygxw5q/app.bsky.feed.post/3mul67onlz22v,2026-09-03T00:15:06.667Z,4,0,1,0
2026-09-03T06:24:56.200560+00:00,at://did:plc:7kix7wonxqkwiyb2r3ygxw5q/app.bsky.feed.post/3mul667ghks2v,2026-09-03T00:14:17.139Z,10,1,1,0
2026-09-03T06:24:56.200560+00:00,at://did:plc:7kix7wonxqkwiyb2r3ygxw5q/app.bsky.feed.post/3mul4yi7oyk22,2026-09-02T23:53:11.299Z,5,0,0,0
2026-09-03T06:24:56.200560+00:00,at://did:plc:7kix7wonxqkwiyb2r3ygxw5q/app.bsky.feed.post/3mul4glsljs22,2026-09-02T23:43:11.084Z,2,0,0,0
2026-09-03T06:24:56.200560+00:00,at://did:plc:7kix7wonxqkwiyb2r3ygxw5q/app.bsky.feed.post/3mul3uyc6gc22,2026-09-02T23:33:20.185Z,7,2,0,0
2026-09-03T06:24:56.200560+00:00,at://did:plc:7kix7wonxqkwiyb2r3ygxw5q/app.bsky.feed.post/3mukyhoyzps2p,2026-09-02T22:32:13.020Z,0,0,0,0
2026-09-03T06:24:56.200560+00:00,at://did:plc:7kix7wonxqkwiyb2r3ygxw5q/app.bsky.feed.post/3mukxwiim522o,2026-09-02T22:22:35.773Z,0,0,0,0
2026-09-03T06:24:56.200560+00:00,at://did:plc:7kix7wonxqkwiyb2r3ygxw5q/app.bsky.feed.post/3mukxlovkic2o,2026-09-02T22:16:33.389Z,7,0,0,0
2026-09-03T06:24:56.200560+00:00,at://did:plc:7kix7wonxqkwiyb2r3ygxw5q/app.bsky.feed.post/3mukx7ssxec2o,2026-09-02T22:09:54.841Z,5,1,0,0
2026-09-03T06:24:56.200560+00:00,at://did:plc:7kix7wonxqkwiyb2r3ygxw5q/app.bsky.feed.post/3mukwtzpzr22n,2026-09-02T22:03:19.431Z,5,1,0,0
2026-09-03T06:24:56.200560+00:00,at://did:plc:7kix7wonxqkwiyb2r3ygxw5q/app.bsky.feed.post/3mukw3r4grs22,2026-09-02T21:49:45.087Z,2,0,1,0
2026-09-03T06:24:56.200560+00:00,at://did:plc:7kix7wonxqkwiyb2r3ygxw5q/app.bsky.feed.post/3mukvx3gx4c22,2026-09-02T21:47:08.155Z,2,0,1,0
2026-09-03T06:24:56.200560+00:00,at://did:plc:7kix7wonxqkwiyb2r3ygxw5q/app.bsky.feed.post/3mukvseywbs2p,2026-09-02T21:44:30.411Z,5,1,0,0
2026-09-03T06:24:56.200560+00:00,at://did:plc:7kix7wonxqkwiyb2r3ygxw5q/app.bsky.feed.post/3mukvaigros2p,2026-09-02T21:34:30.030Z,4,1,0,0
2026-09-03T06:24:56.200560+00:00,at://did:plc:7kix7wonxqkwiyb2r3ygxw5q/app.bsky.feed.post/3mukv36lym22p,2026-09-02T21:31:31.945Z,2,0,1,0
2026-09-03T06:24:56.200560+00:00,at://did:plc:7kix7wonxqkwiyb2r3ygxw5q/app.bsky.feed.post/3mukuzvlvcc2p,2026-09-02T21:30:48.944Z,13,4,0,0
2026-09-03T06:24:56.200560+00:00,at://did:plc:7kix7wonxqkwiyb2r3ygxw5q/app.bsky.feed.post/3mukt5z6m4k2g,2026-09-02T20:57:19.441Z,1,0,0,0
2026-09-03T06:24:56.200560+00:00,at://did:plc:7kix7wonxqkwiyb2r3ygxw5q/app.bsky.feed.post/3mukszerv522g,2026-09-02T20:54:43.837Z,1,0,0,0
2026-09-03T06:24:56.200560+00:00,at://did:plc:7kix7wonxqkwiyb2r3ygxw5q/app.bsky.feed.post/3muksymlnqk2g,2026-09-02T20:54:18.465Z,9,1,2,0
2026-09-03T06:24:56.200560+00:00,at://did:plc:7kix7wonxqkwiyb2r3ygxw5q/app.bsky.feed.post/3mukskocmlc2g,2026-09-02T20:46:30.506Z,1,0,1,0
2026-09-03T06:24:56.200560+00:00,at://did:plc:7kix7wonxqkwiyb2r3ygxw5q/app.bsky.feed.post/3muksjf2ra22g,2026-09-02T20:45:47.249Z,16,3,0,0
2026-09-03T06:24:56.200560+00:00,at://did:plc:7kix7wonxqkwiyb2r3ygxw5q/app.bsky.feed.post/3mukqw53n722r,2026-09-02T20:17:07.614Z,7,1,0,0
2026-09-03T06:24:56.200560+00:00,at://did:plc:7kix7wonxqkwiyb2r3ygxw5q/app.bsky.feed.post/3mukqmgrmhc26,2026-09-02T20:11:42.209Z,12,1,2,0
2026-09-03T06:24:56.200560+00:00,at://did:plc:7kix7wonxqkwiyb2r3ygxw5q/app.bsky.feed.post/3mukpncydy226,2026-09-02T19:54:18.042Z,8,1,0,0
2026-09-03T06:24:56.200560+00:00,at://did:plc:7kix7wonxqkwiyb2r3ygxw5q/app.bsky.feed.post/3muki3giv3s22,2026-09-02T17:39:01.588Z,9,3,1,0
2026-09-03T06:24:56.200560+00:00,at://did:plc:7kix7wonxqkwiyb2r3ygxw5q/app.bsky.feed.post/3mukgwxxj2k22,2026-09-02T17:18:38.378Z,72,9,10,6
2026-09-03T06:24:56.200560+00:00,at://did:plc:7kix7wonxqkwiyb2r3ygxw5q/app.bsky.feed.post/3mukg4fmi4s2o,2026-09-02T17:03:46.727Z,0,0,0,0
2026-09-03T06:24:56.200560+00:00,at://did:plc:7kix7wonxqkwiyb2r3ygxw5q/app.bsky.feed.post/3mukfqcc5xk2o,2026-09-02T16:57:00.563Z,1,0,1,0
2026-09-03T06:24:56.200560+00:00,at://did:plc:7kix7wonxqkwiyb2r3ygxw5q/app.bsky.feed.post/3mukdco4h522s,2026-09-02T16:13:35.736Z,8,3,1,0
2026-09-03T06:24:56.200560+00:00,at://did:plc:7kix7wonxqkwiyb2r3ygxw5q/app.bsky.feed.post/3mukczr5dmc2s,2026-09-02T16:08:36.913Z,14,6,1,0
2026-09-03T06:24:56.200560+00:00,at://did:plc:7kix7wonxqkwiyb2r3ygxw5q/app.bsky.feed.post/3mukcftzw5k2s,2026-09-02T15:57:28.868Z,6,3,0,0
2026-09-03T06:24:56.200560+00:00,at://did:plc:7kix7wonxqkwiyb2r3ygxw5q/app.bsky.feed.post/3muk6wuot2c2e,2026-09-02T14:55:25.010Z,4,1,0,0
2026-09-03T06:24:56.200560+00:00,at://did:plc:7kix7wonxqkwiyb2r3ygxw5q/app.bsky.feed.post/3muk3sl5etc2s,2026-09-02T13:59:19.559Z,8,3,0,0
2026-09-03T06:24:56.200560+00:00,at://did:plc:7kix7wonxqkwiyb2r3ygxw5q/app.bsky.feed.post/3mujzn2h6vc2w,2026-09-02T13:20:26.802Z,1,0,0,0
2026-09-03T06:24:56.200560+00:00,at://did:plc:7kix7wonxqkwiyb2r3ygxw5q/app.bsky.feed.post/3mujzkiu7522w,2026-09-02T13:19:01.235Z,0,0,0,0
2026-09-03T06:24:56.200560+00:00,at://did:plc:7kix7wonxqkwiyb2r3ygxw5q/app.bsky.feed.post/3mujypq275s2v,2026-09-02T13:04:02.807Z,6,1,1,0
2026-09-03T06:24:56.200560+00:00,at://did:plc:7kix7wonxqkwiyb2r3ygxw5q/app.bsky.feed.post/3mujx2wdpcc2v,2026-09-02T12:34:31.029Z,5,1,0,0
2026-09-03T06:24:56.200560+00:00,at://did:plc:7kix7wonxqkwiyb2r3ygxw5q/app.bsky.feed.post/3mujwqne5hk2v,2026-09-02T12:28:46.060Z,7,1,0,0
2026-09-03T06:24:56.200560+00:00,at://did:plc:7kix7wonxqkwiyb2r3ygxw5q/app.bsky.feed.post/3muiw736hvk2j,2026-09-02T02:46:16.814Z,1,0,1,0
2026-09-03T06:24:56.200560+00:00,at://did:plc:7kix7wonxqkwiyb2r3ygxw5q/app.bsky.feed.post/3muivmzyqnk2u,2026-09-02T02:36:11.610Z,15,7,1,0
2026-09-03T06:24:56.200560+00:00,at://did:plc:7kix7wonxqkwiyb2r3ygxw5q/app.bsky.feed.post/3muiuxfdiks2m,2026-09-02T02:24:05.309Z,1,0,1,0
2026-09-03T06:24:56.200560+00:00,at://did:plc:7kix7wonxqkwiyb2r3ygxw5q/app.bsky.feed.post/3muiuhwxjck2g,2026-09-02T02:15:26.922Z,1,0,1,0
2026-09-03T06:24:56.200560+00:00,at://did:plc:7kix7wonxqkwiyb2r3ygxw5q/app.bsky.feed.post/3muiubpecok2g,2026-09-02T02:11:57.622Z,2,0,1,0
2026-09-03T06:24:56.200560+00:00,at://did:plc:7kix7wonxqkwiyb2r3ygxw5q/app.bsky.feed.post/3muitonxvyc2h,2026-09-02T02:01:18.637Z,9,1,0,0
2026-09-03T06:24:56.200560+00:00,at://did:plc:7kix7wonxqkwiyb2r3ygxw5q/app.bsky.feed.post/3muitk657u22h,2026-09-02T01:58:47.813Z,9,3,0,0
2026-09-03T06:24:56.200560+00:00,at://did:plc:7kix7wonxqkwiyb2r3ygxw5q/app.bsky.feed.post/3muisarrhj22o,2026-09-02T01:35:39.115Z,1,0,1,0
2026-09-03T06:24:56.200560+00:00,at://did:plc:7kix7wonxqkwiyb2r3ygxw5q/app.bsky.feed.post/3muis32xszs2o,2026-09-02T01:32:27.418Z,2,0,0,0
2026-09-03T06:24:56.200560+00:00,at://did:plc:7kix7wonxqkwiyb2r3ygxw5q/app.bsky.feed.post/3muir7wtvys23,2026-09-02T01:17:17.132Z,2,0,0,0
2026-09-03T06:24:56.200560+00:00,at://did:plc:7kix7wonxqkwiyb2r3ygxw5q/app.bsky.feed.post/3muir45c4ek2i,2026-09-02T01:15:09.657Z,28,7,3,0
2026-09-03T06:24:56.200560+00:00,at://did:plc:7kix7wonxqkwiyb2r3ygxw5q/app.bsky.feed.post/3muiqhqv5uk2a,2026-09-02T01:03:45.573Z,8,1,2,1
2026-09-03T06:24:56.200560+00:00,at://did:plc:7kix7wonxqkwiyb2r3ygxw5q/app.bsky.feed.post/3muiqd563bc2c,2026-09-02T01:01:10.689Z,2,0,1,0
2026-09-03T06:24:56.200560+00:00,at://did:plc:7kix7wonxqkwiyb2r3ygxw5q/app.bsky.feed.post/3muiq7unzis2c,2026-09-02T00:59:21.075Z,14,3,2,1
2026-09-03T06:24:56.200560+00:00,at://did:plc:7kix7wonxqkwiyb2r3ygxw5q/app.bsky.feed.post/3muipkgzit225,2026-09-02T00:47:22.162Z,33,11,3,2
2026-09-03T06:24:56.200560+00:00,at://did:plc:7kix7wonxqkwiyb2r3ygxw5q/app.bsky.feed.post/3muii7l74ps26,2026-09-01T22:36:01.227Z,7,2,1,0
2026-09-03T06:24:56.200560+00:00,at://did:plc:7kix7wonxqkwiyb2r3ygxw5q/app.bsky.feed.post/3muidkgl2sc2v,2026-09-01T21:12:36.787Z,14,4,1,0
2026-09-03T06:24:56.200560+00:00,at://did:plc:7kix7wonxqkwiyb2r3ygxw5q/app.bsky.feed.post/3muicvupv422v,2026-09-01T21:01:06.983Z,0,0,0,0
2026-09-03T06:24:56.200560+00:00,at://did:plc:7kix7wonxqkwiyb2r3ygxw5q/app.bsky.feed.post/3muicqf7gk22v,2026-09-01T20:58:02.943Z,1,0,0,0
2026-09-03T06:24:56.200560+00:00,at://did:plc:7kix7wonxqkwiyb2r3ygxw5q/app.bsky.feed.post/3muicljczn22v,2026-09-01T20:55:19.485Z,1,0,1,0
2026-09-03T06:24:56.200560+00:00,at://did:plc:7kix7wonxqkwiyb2r3ygxw5q/app.bsky.feed.post/3muicjqy4bk2v,2026-09-01T20:54:20.383Z,11,1,3,0
2026-09-03T06:24:56.200560+00:00,at://did:plc:7kix7wonxqkwiyb2r3ygxw5q/app.bsky.feed.post/3muiavdn4o22u,2026-09-01T20:25:01.552Z,12,2,2,0
2026-09-03T06:24:56.200560+00:00,at://did:plc:7kix7wonxqkwiyb2r3ygxw5q/app.bsky.feed.post/3mui3kepwsc2d,2026-09-01T18:49:24.911Z,19,8,3,0
2026-09-03T06:24:56.200560+00:00,at://did:plc:7kix7wonxqkwiyb2r3ygxw5q/app.bsky.feed.post/3muhylchnec2s,2026-09-01T17:56:14.876Z,1,0,0,0
2026-09-03T06:47:19.261559+00:00,at://did:plc:7kix7wonxqkwiyb2r3ygxw5q/app.bsky.feed.post/3mulplv27oc2c,2026-09-03T05:26:09.616Z,4,0,1,0
2026-09-03T06:47:19.261559+00:00,at://did:plc:7kix7wonxqkwiyb2r3ygxw5q/app.bsky.feed.post/3mulnvwtyms22,2026-09-03T04:55:59.592Z,1,0,0,0
2026-09-03T06:47:19.261559+00:00,at://did:plc:7kix7wonxqkwiyb2r3ygxw5q/app.bsky.feed.post/3mulnnuvcac22,2026-09-03T04:51:29.102Z,1,0,1,0
2026-09-03T06:47:19.261559+00:00,at://did:plc:7kix7wonxqkwiyb2r3ygxw5q/app.bsky.feed.post/3mulnbsb6z222,2026-09-03T04:44:43.693Z,1,0,1,0
2026-09-03T06:47:19.261559+00:00,at://did:plc:7kix7wonxqkwiyb2r3ygxw5q/app.bsky.feed.post/3mulhck6m4k22,2026-09-03T02:57:46.321Z,9,2,1,0
2026-09-03T06:47:19.261559+00:00,at://did:plc:7kix7wonxqkwiyb2r3ygxw5q/app.bsky.feed.post/3mulewkmo5k22,2026-09-03T02:15:16.647Z,1,0,0,0
2026-09-03T06:47:19.261559+00:00,at://did:plc:7kix7wonxqkwiyb2r3ygxw5q/app.bsky.feed.post/3muleujj5cc2i,2026-09-03T02:14:08.371Z,1,0,0,0
2026-09-03T06:47:19.261559+00:00,at://did:plc:7kix7wonxqkwiyb2r3ygxw5q/app.bsky.feed.post/3mulejvnpms22,2026-09-03T02:08:12.008Z,1,0,0,0
2026-09-03T06:47:19.261559+00:00,at://did:plc:7kix7wonxqkwiyb2r3ygxw5q/app.bsky.feed.post/3muleiix7b22x,2026-09-03T02:07:25.131Z,1,0,1,0
2026-09-03T06:47:19.261559+00:00,at://did:plc:7kix7wonxqkwiyb2r3ygxw5q/app.bsky.feed.post/3muleddl6js2x,2026-09-03T02:04:31.719Z,1,0,1,0
2026-09-03T06:47:19.261559+00:00,at://did:plc:7kix7wonxqkwiyb2r3ygxw5q/app.bsky.feed.post/3mule2bmbq222,2026-09-03T01:59:27.671Z,1,0,1,0
2026-09-03T06:47:19.261559+00:00,at://did:plc:7kix7wonxqkwiyb2r3ygxw5q/app.bsky.feed.post/3muldpjsypk2x,2026-09-03T01:53:27.181Z,1,0,1,0
2026-09-03T06:47:19.261559+00:00,at://did:plc:7kix7wonxqkwiyb2r3ygxw5q/app.bsky.feed.post/3muldfz4xqc2k,2026-09-03T01:48:07.673Z,1,0,1,0
2026-09-03T06:47:19.261559+00:00,at://did:plc:7kix7wonxqkwiyb2r3ygxw5q/app.bsky.feed.post/3muldbkztwc2z,2026-09-03T01:45:38.676Z,1,0,0,0
2026-09-03T06:47:19.261559+00:00,at://did:plc:7kix7wonxqkwiyb2r3ygxw5q/app.bsky.feed.post/3mulcy2dl522h,2026-09-03T01:40:19.195Z,1,0,1,0
2026-09-03T06:47:19.261559+00:00,at://did:plc:7kix7wonxqkwiyb2r3ygxw5q/app.bsky.feed.post/3mulcwd2cwc2h,2026-09-03T01:39:21.210Z,2,0,0,0
2026-09-03T06:47:19.261559+00:00,at://did:plc:7kix7wonxqkwiyb2r3ygxw5q/app.bsky.feed.post/3mulcckkyps2b,2026-09-03T01:28:18.002Z,2,0,1,0
2026-09-03T06:47:19.261559+00:00,at://did:plc:7kix7wonxqkwiyb2r3ygxw5q/app.bsky.feed.post/3mulc4s2dis2x,2026-09-03T01:25:04.535Z,1,0,1,0
2026-09-03T06:47:19.261559+00:00,at://did:plc:7kix7wonxqkwiyb2r3ygxw5q/app.bsky.feed.post/3mulbzjil2c2x,2026-09-03T01:23:14.873Z,1,0,0,0
2026-09-03T06:47:19.261559+00:00,at://did:plc:7kix7wonxqkwiyb2r3ygxw5q/app.bsky.feed.post/3mulbswco4k2a,2026-09-03T01:19:33.452Z,6,0,0,0
2026-09-03T06:47:19.261559+00:00,at://did:plc:7kix7wonxqkwiyb2r3ygxw5q/app.bsky.feed.post/3mulbmppsnk26,2026-09-03T01:16:05.221Z,1,0,0,0
2026-09-03T06:47:19.261559+00:00,at://did:plc:7kix7wonxqkwiyb2r3ygxw5q/app.bsky.feed.post/3mulbcwvogk26,2026-09-03T01:10:37.202Z,17,8,0,0
2026-09-03T06:47:19.261559+00:00,at://did:plc:7kix7wonxqkwiyb2r3ygxw5q/app.bsky.feed.post/3mulayknosc2v,2026-09-03T01:04:48.820Z,9,4,0,0
2026-09-03T06:47:19.261559+00:00,at://did:plc:7kix7wonxqkwiyb2r3ygxw5q/app.bsky.feed.post/3mulaqvcuac2v,2026-09-03T01:00:31.556Z,5,3,0,0
2026-09-03T06:47:19.261559+00:00,at://did:plc:7kix7wonxqkwiyb2r3ygxw5q/app.bsky.feed.post/3mulacrbxbs2k,2026-09-03T00:52:37.554Z,1,0,0,0
2026-09-03T06:47:19.261559+00:00,at://did:plc:7kix7wonxqkwiyb2r3ygxw5q/app.bsky.feed.post/3mul7d7bldc26,2026-09-03T00:34:58.491Z,9,2,2,0
2026-09-03T06:47:19.261559+00:00,at://did:plc:7kix7wonxqkwiyb2r3ygxw5q/app.bsky.feed.post/3mul6s4mnvc22,2026-09-03T00:25:25.293Z,1,0,1,0
2026-09-03T06:47:19.261559+00:00,at://did:plc:7kix7wonxqkwiyb2r3ygxw5q/app.bsky.feed.post/3mul67onlz22v,2026-09-03T00:15:06.667Z,4,0,1,0
2026-09-03T06:47:19.261559+00:00,at://did:plc:7kix7wonxqkwiyb2r3ygxw5q/app.bsky.feed.post/3mul667ghks2v,2026-09-03T00:14:17.139Z,10,1,1,0
2026-09-03T06:47:19.261559+00:00,at://did:plc:7kix7wonxqkwiyb2r3ygxw5q/app.bsky.feed.post/3mul4yi7oyk22,2026-09-02T23:53:11.299Z,5,0,0,0
2026-09-03T06:47:19.261559+00:00,at://did:plc:7kix7wonxqkwiyb2r3ygxw5q/app.bsky.feed.post/3mul4glsljs22,2026-09-02T23:43:11.084Z,2,0,0,0
2026-09-03T06:47:19.261559+00:00,at://did:plc:7kix7wonxqkwiyb2r3ygxw5q/app.bsky.feed.post/3mul3uyc6gc22,2026-09-02T23:33:20.185Z,7,2,0,0
2026-09-03T06:47:19.261559+00:00,at://did:plc:7kix7wonxqkwiyb2r3ygxw5q/app.bsky.feed.post/3mukyhoyzps2p,2026-09-02T22:32:13.020Z,0,0,0,0
2026-09-03T06:47:19.261559+00:00,at://did:plc:7kix7wonxqkwiyb2r3ygxw5q/app.bsky.feed.post/3mukxwiim522o,2026-09-02T22:22:35.773Z,0,0,0,0
2026-09-03T06:47:19.261559+00:00,at://did:plc:7kix7wonxqkwiyb2r3ygxw5q/app.bsky.feed.post/3mukxlovkic2o,2026-09-02T22:16:33.389Z,7,0,0,0
2026-09-03T06:47:19.261559+00:00,at://did:plc:7kix7wonxqkwiyb2r3ygxw5q/app.bsky.feed.post/3mukx7ssxec2o,2026-09-02T22:09:54.841Z,5,1,0,0
2026-09-03T06:47:19.261559+00:00,at://did:plc:7kix7wonxqkwiyb2r3ygxw5q/app.bsky.feed.post/3mukwtzpzr22n,2026-09-02T22:03:19.431Z,5,1,0,0
2026-09-03T06:47:19.261559+00:00,at://did:plc:7kix7wonxqkwiyb2r3ygxw5q/app.bsky.feed.post/3mukw3r4grs22,2026-09-02T21:49:45.087Z,2,0,1,0
2026-09-03T06:47:19.261559+00:00,at://did:plc:7kix7wonxqkwiyb2r3ygxw5q/app.bsky.feed.post/3mukvx3gx4c22,2026-09-02T21:47:08.155Z,2,0,1,0
2026-09-03T06:47:19.261559+00:00,at://did:plc:7kix7wonxqkwiyb2r3ygxw5q/app.bsky.feed.post/3mukvseywbs2p,2026-09-02T21:44:30.411Z,5,1,0,0
2026-09-03T06:47:19.261559+00:00,at://did:plc:7kix7wonxqkwiyb2r3ygxw5q/app.bsky.feed.post/3mukvaigros2p,2026-09-02T21:34:30.030Z,4,1,0,0
2026-09-03T06:47:19.261559+00:00,at://did:plc:7kix7wonxqkwiyb2r3ygxw5q/app.bsky.feed.post/3mukv36lym22p,2026-09-02T21:31:31.945Z,2,0,1,0
2026-09-03T06:47:19.261559+00:00,at://did:plc:7kix7wonxqkwiyb2r3ygxw5q/app.bsky.feed.post/3mukuzvlvcc2p,2026-09-02T21:30:48.944Z,13,4,0,0
2026-09-03T06:47:19.261559+00:00,at://did:plc:7kix7wonxqkwiyb2r3ygxw5q/app.bsky.feed.post/3mukt5z6m4k2g,2026-09-02T20:57:19.441Z,1,0,0,0
2026-09-03T06:47:19.261559+00:00,at://did:plc:7kix7wonxqkwiyb2r3ygxw5q/app.bsky.feed.post/3mukszerv522g,2026-09-02T20:54:43.837Z,1,0,0,0
2026-09-03T06:47:19.261559+00:00,at://did:plc:7kix7wonxqkwiyb2r3ygxw5q/app.bsky.feed.post/3muksymlnqk2g,2026-09-02T20:54:18.465Z,9,1,2,0
2026-09-03T06:47:19.261559+00:00,at://did:plc:7kix7wonxqkwiyb2r3ygxw5q/app.bsky.feed.post/3mukskocmlc2g,2026-09-02T20:46:30.506Z,1,0,1,0
2026-09-03T06:47:19.261559+00:00,at://did:plc:7kix7wonxqkwiyb2r3ygxw5q/app.bsky.feed.post/3muksjf2ra22g,2026-09-02T20:45:47.249Z,16,3,0,0
2026-09-03T06:47:19.261559+00:00,at://did:plc:7kix7wonxqkwiyb2r3ygxw5q/app.bsky.feed.post/3mukqw53n722r,2026-09-02T20:17:07.614Z,7,1,0,0
2026-09-03T06:47:19.261559+00:00,at://did:plc:7kix7wonxqkwiyb2r3ygxw5q/app.bsky.feed.post/3mukqmgrmhc26,2026-09-02T20:11:42.209Z,12,1,2,0
2026-09-03T06:47:19.261559+00:00,at://did:plc:7kix7wonxqkwiyb2r3ygxw5q/app.bsky.feed.post/3mukpncydy226,2026-09-02T19:54:18.042Z,8,1,0,0
2026-09-03T06:47:19.261559+00:00,at://did:plc:7kix7wonxqkwiyb2r3ygxw5q/app.bsky.feed.post/3muki3giv3s22,2026-09-02T17:39:01.588Z,9,3,1,0
2026-09-03T06:47:19.261559+00:00,at://did:plc:7kix7wonxqkwiyb2r3ygxw5q/app.bsky.feed.post/3mukgwxxj2k22,2026-09-02T17:18:38.378Z,72,9,10,6
2026-09-03T06:47:19.261559+00:00,at://did:plc:7kix7wonxqkwiyb2r3ygxw5q/app.bsky.feed.post/3mukg4fmi4s2o,2026-09-02T17:03:46.727Z,0,0,0,0
2026-09-03T06:47:19.261559+00:00,at://did:plc:7kix7wonxqkwiyb2r3ygxw5q/app.bsky.feed.post/3mukfqcc5xk2o,2026-09-02T16:57:00.563Z,1,0,1,0
2026-09-03T06:47:19.261559+00:00,at://did:plc:7kix7wonxqkwiyb2r3ygxw5q/app.bsky.feed.post/3mukdco4h522s,2026-09-02T16:13:35.736Z,8,3,1,0
2026-09-03T06:47:19.261559+00:00,at://did:plc:7kix7wonxqkwiyb2r3ygxw5q/app.bsky.feed.post/3mukczr5dmc2s,2026-09-02T16:08:36.913Z,14,6,1,0
2026-09-03T06:47:19.261559+00:00,at://did:plc:7kix7wonxqkwiyb2r3ygxw5q/app.bsky.feed.post/3mukcftzw5k2s,2026-09-02T15:57:28.868Z,6,3,0,0
2026-09-03T06:47:19.261559+00:00,at://did:plc:7kix7wonxqkwiyb2r3ygxw5q/app.bsky.feed.post/3muk6wuot2c2e,2026-09-02T14:55:25.010Z,4,1,0,0
2026-09-03T06:47:19.261559+00:00,at://did:plc:7kix7wonxqkwiyb2r3ygxw5q/app.bsky.feed.post/3muk3sl5etc2s,2026-09-02T13:59:19.559Z,8,3,0,0
2026-09-03T06:47:19.261559+00:00,at://did:plc:7kix7wonxqkwiyb2r3ygxw5q/app.bsky.feed.post/3mujzn2h6vc2w,2026-09-02T13:20:26.802Z,1,0,0,0
2026-09-03T06:47:19.261559+00:00,at://did:plc:7kix7wonxqkwiyb2r3ygxw5q/app.bsky.feed.post/3mujzkiu7522w,2026-09-02T13:19:01.235Z,0,0,0,0
2026-09-03T06:47:19.261559+00:00,at://did:plc:7kix7wonxqkwiyb2r3ygxw5q/app.bsky.feed.post/3mujypq275s2v,2026-09-02T13:04:02.807Z,6,1,1,0
2026-09-03T06:47:19.261559+00:00,at://did:plc:7kix7wonxqkwiyb2r3ygxw5q/app.bsky.feed.post/3mujx2wdpcc2v,2026-09-02T12:34:31.029Z,5,1,0,0
2026-09-03T06:47:19.261559+00:00,at://did:plc:7kix7wonxqkwiyb2r3ygxw5q/app.bsky.feed.post/3mujwqne5hk2v,2026-09-02T12:28:46.060Z,7,1,0,0
2026-09-03T06:47:19.261559+00:00,at://did:plc:7kix7wonxqkwiyb2r3ygxw5q/app.bsky.feed.post/3muiw736hvk2j,2026-09-02T02:46:16.814Z,1,0,1,0
2026-09-03T06:47:19.261559+00:00,at://did:plc:7kix7wonxqkwiyb2r3ygxw5q/app.bsky.feed.post/3muivmzyqnk2u,2026-09-02T02:36:11.610Z,15,7,1,0
2026-09-03T06:47:19.261559+00:00,at://did:plc:7kix7wonxqkwiyb2r3ygxw5q/app.bsky.feed.post/3muiuxfdiks2m,2026-09-02T02:24:05.309Z,1,0,1,0
2026-09-03T06:47:19.261559+00:00,at://did:plc:7kix7wonxqkwiyb2r3ygxw5q/app.bsky.feed.post/3muiuhwxjck2g,2026-09-02T02:15:26.922Z,1,0,1,0
2026-09-03T06:47:19.261559+00:00,at://did:plc:7kix7wonxqkwiyb2r3ygxw5q/app.bsky.feed.post/3muiubpecok2g,2026-09-02T02:11:57.622Z,2,0,1,0
2026-09-03T06:47:19.261559+00:00,at://did:plc:7kix7wonxqkwiyb2r3ygxw5q/app.bsky.feed.post/3muitonxvyc2h,2026-09-02T02:01:18.637Z,9,1,0,0
2026-09-03T06:47:19.261559+00:00,at://did:plc:7kix7wonxqkwiyb2r3ygxw5q/app.bsky.feed.post/3muitk657u22h,2026-09-02T01:58:47.813Z,9,3,0,0
2026-09-03T06:47:19.261559+00:00,at://did:plc:7kix7wonxqkwiyb2r3ygxw5q/app.bsky.feed.post/3muisarrhj22o,2026-09-02T01:35:39.115Z,1,0,1,0
2026-09-03T06:47:19.261559+00:00,at://did:plc:7kix7wonxqkwiyb2r3ygxw5q/app.bsky.feed.post/3muis32xszs2o,2026-09-02T01:32:27.418Z,2,0,0,0
2026-09-03T06:47:19.261559+00:00,at://did:plc:7kix7wonxqkwiyb2r3ygxw5q/app.bsky.feed.post/3muir7wtvys23,2026-09-02T01:17:17.132Z,2,0,0,0
2026-09-03T06:47:19.261559+00:00,at://did:plc:7kix7wonxqkwiyb2r3ygxw5q/app.bsky.feed.post/3muir45c4ek2i,2026-09-02T01:15:09.657Z,28,7,3,0
2026-09-03T06:47:19.261559+00:00,at://did:plc:7kix7wonxqkwiyb2r3ygxw5q/app.bsky.feed.post/3muiqhqv5uk2a,2026-09-02T01:03:45.573Z,8,1,2,1
2026-09-03T06:47:19.261559+00:00,at://did:plc:7kix7wonxqkwiyb2r3ygxw5q/app.bsky.feed.post/3muiqd563bc2c,2026-09-02T01:01:10.689Z,2,0,1,0
2026-09-03T06:47:19.261559+00:00,at://did:plc:7kix7wonxqkwiyb2r3ygxw5q/app.bsky.feed.post/3muiq7unzis2c,2026-09-02T00:59:21.075Z,14,3,2,1
2026-09-03T06:47:19.261559+00:00,at://did:plc:7kix7wonxqkwiyb2r3ygxw5q/app.bsky.feed.post/3muipkgzit225,2026-09-02T00:47:22.162Z,33,11,3,2
2026-09-03T06:47:19.261559+00:00,at://did:plc:7kix7wonxqkwiyb2r3ygxw5q/app.bsky.feed.post/3muii7l74ps26,2026-09-01T22:36:01.227Z,7,2,1,0
2026-09-03T06:47:19.261559+00:00,at://did:plc:7kix7wonxqkwiyb2r3ygxw5q/app.bsky.feed.post/3muidkgl2sc2v,2026-09-01T21:12:36.787Z,14,4,1,0
2026-09-03T06:47:19.261559+00:00,at://did:plc:7kix7wonxqkwiyb2r3ygxw5q/app.bsky.feed.post/3muicvupv422v,2026-09-01T21:01:06.983Z,0,0,0,0
2026-09-03T06:47:19.261559+00:00,at://did:plc:7kix7wonxqkwiyb2r3ygxw5q/app.bsky.feed.post/3muicqf7gk22v,2026-09-01T20:58:02.943Z,1,0,0,0
2026-09-03T06:47:19.261559+00:00,at://did:plc:7kix7wonxqkwiyb2r3ygxw5q/app.bsky.feed.post/3muicljczn22v,2026-09-01T20:55:19.485Z,1,0,1,0
2026-09-03T06:47:19.261559+00:00,at://did:plc:7kix7wonxqkwiyb2r3ygxw5q/app.bsky.feed.post/3muicjqy4bk2v,2026-09-01T20:54:20.383Z,11,1,3,0
2026-09-03T06:47:19.261559+00:00,at://did:plc:7kix7wonxqkwiyb2r3ygxw5q/app.bsky.feed.post/3muiavdn4o22u,2026-09-01T20:25:01.552Z,12,2,2,0
2026-09-03T06:47:19.261559+00:00,at://did:plc:7kix7wonxqkwiyb2r3ygxw5q/app.bsky.feed.post/3mui3kepwsc2d,2026-09-01T18:49:24.911Z,19,8,3,0
2026-09-03T06:47:19.261559+00:00,at://did:plc:7kix7wonxqkwiyb2r3ygxw5q/app.bsky.feed.post/3muhylchnec2s,2026-09-01T17:56:14.876Z,1,0,0,0
2026-09-03T07:01:53.455552+00:00,at://did:plc:7kix7wonxqkwiyb2r3ygxw5q/app.bsky.feed.post/3mulplv27oc2c,2026-09-03T05:26:09.616Z,4,0,1,0
2026-09-03T07:01:53.455552+00:00,at://did:plc:7kix7wonxqkwiyb2r3ygxw5q/app.bsky.feed.post/3mulnvwtyms22,2026-09-03T04:55:59.592Z,1,0,0,0
2026-09-03T07:01:53.455552+00:00,at://did:plc:7kix7wonxqkwiyb2r3ygxw5q/app.bsky.feed.post/3mulnnuvcac22,2026-09-03T04:51:29.102Z,1,0,1,0
2026-09-03T07:01:53.455552+00:00,at://did:plc:7kix7wonxqkwiyb2r3ygxw5q/app.bsky.feed.post/3mulnbsb6z222,2026-09-03T04:44:43.693Z,1,0,1,0
2026-09-03T07:01:53.455552+00:00,at://did:plc:7kix7wonxqkwiyb2r3ygxw5q/app.bsky.feed.post/3mulhck6m4k22,2026-09-03T02:57:46.321Z,9,2,1,0
2026-09-03T07:01:53.455552+00:00,at://did:plc:7kix7wonxqkwiyb2r3ygxw5q/app.bsky.feed.post/3mulewkmo5k22,2026-09-03T02:15:16.647Z,1,0,0,0
2026-09-03T07:01:53.455552+00:00,at://did:plc:7kix7wonxqkwiyb2r3ygxw5q/app.bsky.feed.post/3muleujj5cc2i,2026-09-03T02:14:08.371Z,1,0,0,0
2026-09-03T07:01:53.455552+00:00,at://did:plc:7kix7wonxqkwiyb2r3ygxw5q/app.bsky.feed.post/3mulejvnpms22,2026-09-03T02:08:12.008Z,1,0,0,0
2026-09-03T07:01:53.455552+00:00,at://did:plc:7kix7wonxqkwiyb2r3ygxw5q/app.bsky.feed.post/3muleiix7b22x,2026-09-03T02:07:25.131Z,1,0,1,0
2026-09-03T07:01:53.455552+00:00,at://did:plc:7kix7wonxqkwiyb2r3ygxw5q/app.bsky.feed.post/3muleddl6js2x,2026-09-03T02:04:31.719Z,1,0,1,0
2026-09-03T07:01:53.455552+00:00,at://did:plc:7kix7wonxqkwiyb2r3ygxw5q/app.bsky.feed.post/3mule2bmbq222,2026-09-03T01:59:27.671Z,1,0,1,0
2026-09-03T07:01:53.455552+00:00,at://did:plc:7kix7wonxqkwiyb2r3ygxw5q/app.bsky.feed.post/3muldpjsypk2x,2026-09-03T01:53:27.181Z,1,0,1,0
2026-09-03T07:01:53.455552+00:00,at://did:plc:7kix7wonxqkwiyb2r3ygxw5q/app.bsky.feed.post/3muldfz4xqc2k,2026-09-03T01:48:07.673Z,1,0,1,0
2026-09-03T07:01:53.455552+00:00,at://did:plc:7kix7wonxqkwiyb2r3ygxw5q/app.bsky.feed.post/3muldbkztwc2z,2026-09-03T01:45:38.676Z,1,0,0,0
2026-09-03T07:01:53.455552+00:00,at://did:plc:7kix7wonxqkwiyb2r3ygxw5q/app.bsky.feed.post/3mulcy2dl522h,2026-09-03T01:40:19.195Z,1,0,1,0
2026-09-03T07:01:53.455552+00:00,at://did:plc:7kix7wonxqkwiyb2r3ygxw5q/app.bsky.feed.post/3mulcwd2cwc2h,2026-09-03T01:39:21.210Z,2,0,0,0
2026-09-03T07:01:53.455552+00:00,at://did:plc:7kix7wonxqkwiyb2r3ygxw5q/app.bsky.feed.post/3mulcckkyps2b,2026-09-03T01:28:18.002Z,2,0,1,0
2026-09-03T07:01:53.455552+00:00,at://did:plc:7kix7wonxqkwiyb2r3ygxw5q/app.bsky.feed.post/3mulc4s2dis2x,2026-09-03T01:25:04.535Z,1,0,1,0
2026-09-03T07:01:53.455552+00:00,at://did:plc:7kix7wonxqkwiyb2r3ygxw5q/app.bsky.feed.post/3mulbzjil2c2x,2026-09-03T01:23:14.873Z,1,0,0,0
2026-09-03T07:01:53.455552+00:00,at://did:plc:7kix7wonxqkwiyb2r3ygxw5q/app.bsky.feed.post/3mulbswco4k2a,2026-09-03T01:19:33.452Z,6,0,0,0
2026-09-03T07:01:53.455552+00:00,at://did:plc:7kix7wonxqkwiyb2r3ygxw5q/app.bsky.feed.post/3mulbmppsnk26,2026-09-03T01:16:05.221Z,1,0,0,0
2026-09-03T07:01:53.455552+00:00,at://did:plc:7kix7wonxqkwiyb2r3ygxw5q/app.bsky.feed.post/3mulbcwvogk26,2026-09-03T01:10:37.202Z,17,8,0,0
2026-09-03T07:01:53.455552+00:00,at://did:plc:7kix7wonxqkwiyb2r3ygxw5q/app.bsky.feed.post/3mulayknosc2v,2026-09-03T01:04:48.820Z,9,4,0,0
2026-09-03T07:01:53.455552+00:00,at://did:plc:7kix7wonxqkwiyb2r3ygxw5q/app.bsky.feed.post/3mulaqvcuac2v,2026-09-03T01:00:31.556Z,5,3,0,0
2026-09-03T07:01:53.455552+00:00,at://did:plc:7kix7wonxqkwiyb2r3ygxw5q/app.bsky.feed.post/3mulacrbxbs2k,2026-09-03T00:52:37.554Z,1,0,0,0
2026-09-03T07:01:53.455552+00:00,at://did:plc:7kix7wonxqkwiyb2r3ygxw5q/app.bsky.feed.post/3mul7d7bldc26,2026-09-03T00:34:58.491Z,9,2,2,0
2026-09-03T07:01:53.455552+00:00,at://did:plc:7kix7wonxqkwiyb2r3ygxw5q/app.bsky.feed.post/3mul6s4mnvc22,2026-09-03T00:25:25.293Z,1,0,1,0
2026-09-03T07:01:53.455552+00:00,at://did:plc:7kix7wonxqkwiyb2r3ygxw5q/app.bsky.feed.post/3mul67onlz22v,2026-09-03T00:15:06.667Z,4,0,1,0
2026-09-03T07:01:53.455552+00:00,at://did:plc:7kix7wonxqkwiyb2r3ygxw5q/app.bsky.feed.post/3mul667ghks2v,2026-09-03T00:14:17.139Z,10,1,1,0
2026-09-03T07:01:53.455552+00:00,at://did:plc:7kix7wonxqkwiyb2r3ygxw5q/app.bsky.feed.post/3mul4yi7oyk22,2026-09-02T23:53:11.299Z,5,0,0,0
2026-09-03T07:01:53.455552+00:00,at://did:plc:7kix7wonxqkwiyb2r3ygxw5q/app.bsky.feed.post/3mul4glsljs22,2026-09-02T23:43:11.084Z,2,0,0,0
2026-09-03T07:01:53.455552+00:00,at://did:plc:7kix7wonxqkwiyb2r3ygxw5q/app.bsky.feed.post/3mul3uyc6gc22,2026-09-02T23:33:20.185Z,7,2,0,0
2026-09-03T07:01:53.455552+00:00,at://did:plc:7kix7wonxqkwiyb2r3ygxw5q/app.bsky.feed.post/3mukyhoyzps2p,2026-09-02T22:32:13.020Z,0,0,0,0
2026-09-03T07:01:53.455552+00:00,at://did:plc:7kix7wonxqkwiyb2r3ygxw5q/app.bsky.feed.post/3mukxwiim522o,2026-09-02T22:22:35.773Z,0,0,0,0
2026-09-03T07:01:53.455552+00:00,at://did:plc:7kix7wonxqkwiyb2r3ygxw5q/app.bsky.feed.post/3mukxlovkic2o,2026-09-02T22:16:33.389Z,7,0,0,0
2026-09-03T07:01:53.455552+00:00,at://did:plc:7kix7wonxqkwiyb2r3ygxw5q/app.bsky.feed.post/3mukx7ssxec2o,2026-09-02T22:09:54.841Z,5,1,0,0
2026-09-03T07:01:53.455552+00:00,at://did:plc:7kix7wonxqkwiyb2r3ygxw5q/app.bsky.feed.post/3mukwtzpzr22n,2026-09-02T22:03:19.431Z,5,1,0,0
2026-09-03T07:01:53.455552+00:00,at://did:plc:7kix7wonxqkwiyb2r3ygxw5q/app.bsky.feed.post/3mukw3r4grs22,2026-09-02T21:49:45.087Z,2,0,1,0
2026-09-03T07:01:53.455552+00:00,at://did:plc:7kix7wonxqkwiyb2r3ygxw5q/app.bsky.feed.post/3mukvx3gx4c22,2026-09-02T21:47:08.155Z,2,0,1,0
2026-09-03T07:01:53.455552+00:00,at://did:plc:7kix7wonxqkwiyb2r3ygxw5q/app.bsky.feed.post/3mukvseywbs2p,2026-09-02T21:44:30.411Z,5,1,0,0
2026-09-03T07:01:53.455552+00:00,at://did:plc:7kix7wonxqkwiyb2r3ygxw5q/app.bsky.feed.post/3mukvaigros2p,2026-09-02T21:34:30.030Z,4,1,0,0
2026-09-03T07:01:53.455552+00:00,at://did:plc:7kix7wonxqkwiyb2r3ygxw5q/app.bsky.feed.post/3mukv36lym22p,2026-09-02T21:31:31.945Z,2,0,1,0
2026-09-03T07:01:53.455552+00:00,at://did:plc:7kix7wonxqkwiyb2r3ygxw5q/app.bsky.feed.post/3mukuzvlvcc2p,2026-09-02T21:30:48.944Z,13,4,0,0
2026-09-03T07:01:53.455552+00:00,at://did:plc:7kix7wonxqkwiyb2r3ygxw5q/app.bsky.feed.post/3mukt5z6m4k2g,2026-09-02T20:57:19.441Z,1,0,0,0
2026-09-03T07:01:53.455552+00:00,at://did:plc:7kix7wonxqkwiyb2r3ygxw5q/app.bsky.feed.post/3mukszerv522g,2026-09-02T20:54:43.837Z,1,0,0,0
2026-09-03T07:01:53.455552+00:00,at://did:plc:7kix7wonxqkwiyb2r3ygxw5q/app.bsky.feed.post/3muksymlnqk2g,2026-09-02T20:54:18.465Z,9,1,2,0
2026-09-03T07:01:53.455552+00:00,at://did:plc:7kix7wonxqkwiyb2r3ygxw5q/app.bsky.feed.post/3mukskocmlc2g,2026-09-02T20:46:30.506Z,1,0,1,0
2026-09-03T07:01:53.455552+00:00,at://did:plc:7kix7wonxqkwiyb2r3ygxw5q/app.bsky.feed.post/3muksjf2ra22g,2026-09-02T20:45:47.249Z,16,3,0,0
2026-09-03T07:01:53.455552+00:00,at://did:plc:7kix7wonxqkwiyb2r3ygxw5q/app.bsky.feed.post/3mukqw53n722r,2026-09-02T20:17:07.614Z,7,1,0,0
2026-09-03T07:01:53.455552+00:00,at://did:plc:7kix7wonxqkwiyb2r3ygxw5q/app.bsky.feed.post/3mukqmgrmhc26,2026-09-02T20:11:42.209Z,12,1,2,0
2026-09-03T07:01:53.455552+00:00,at://did:plc:7kix7wonxqkwiyb2r3ygxw5q/app.bsky.feed.post/3mukpncydy226,2026-09-02T19:54:18.042Z,8,1,0,0
2026-09-03T07:01:53.455552+00:00,at://did:plc:7kix7wonxqkwiyb2r3ygxw5q/app.bsky.feed.post/3muki3giv3s22,2026-09-02T17:39:01.588Z,9,3,1,0
2026-09-03T07:01:53.455552+00:00,at://did:plc:7kix7wonxqkwiyb2r3ygxw5q/app.bsky.feed.post/3mukgwxxj2k22,2026-09-02T17:18:38.378Z,72,9,10,6
2026-09-03T07:01:53.455552+00:00,at://did:plc:7kix7wonxqkwiyb2r3ygxw5q/app.bsky.feed.post/3mukg4fmi4s2o,2026-09-02T17:03:46.727Z,0,0,0,0
2026-09-03T07:01:53.455552+00:00,at://did:plc:7kix7wonxqkwiyb2r3ygxw5q/app.bsky.feed.post/3mukfqcc5xk2o,2026-09-02T16:57:00.563Z,1,0,1,0
2026-09-03T07:01:53.455552+00:00,at://did:plc:7kix7wonxqkwiyb2r3ygxw5q/app.bsky.feed.post/3mukdco4h522s,2026-09-02T16:13:35.736Z,8,3,1,0
2026-09-03T07:01:53.455552+00:00,at://did:plc:7kix7wonxqkwiyb2r3ygxw5q/app.bsky.feed.post/3mukczr5dmc2s,2026-09-02T16:08:36.913Z,14,6,1,0
2026-09-03T07:01:53.455552+00:00,at://did:plc:7kix7wonxqkwiyb2r3ygxw5q/app.bsky.feed.post/3mukcftzw5k2s,2026-09-02T15:57:28.868Z,6,3,0,0
2026-09-03T07:01:53.455552+00:00,at://did:plc:7kix7wonxqkwiyb2r3ygxw5q/app.bsky.feed.post/3muk6wuot2c2e,2026-09-02T14:55:25.010Z,4,1,0,0
2026-09-03T07:01:53.455552+00:00,at://did:plc:7kix7wonxqkwiyb2r3ygxw5q/app.bsky.feed.post/3muk3sl5etc2s,2026-09-02T13:59:19.559Z,8,3,0,0
2026-09-03T07:01:53.455552+00:00,at://did:plc:7kix7wonxqkwiyb2r3ygxw5q/app.bsky.feed.post/3mujzn2h6vc2w,2026-09-02T13:20:26.802Z,1,0,0,0
2026-09-03T07:01:53.455552+00:00,at://did:plc:7kix7wonxqkwiyb2r3ygxw5q/app.bsky.feed.post/3mujzkiu7522w,2026-09-02T13:19:01.235Z,0,0,0,0
2026-09-03T07:01:53.455552+00:00,at://did:plc:7kix7wonxqkwiyb2r3ygxw5q/app.bsky.feed.post/3mujypq275s2v,2026-09-02T13:04:02.807Z,6,1,1,0
2026-09-03T07:01:53.455552+00:00,at://did:plc:7kix7wonxqkwiyb2r3ygxw5q/app.bsky.feed.post/3mujx2wdpcc2v,2026-09-02T12:34:31.029Z,5,1,0,0
2026-09-03T07:01:53.455552+00:00,at://did:plc:7kix7wonxqkwiyb2r3ygxw5q/app.bsky.feed.post/3mujwqne5hk2v,2026-09-02T12:28:46.060Z,7,1,0,0
2026-09-03T07:01:53.455552+00:00,at://did:plc:7kix7wonxqkwiyb2r3ygxw5q/app.bsky.feed.post/3muiw736hvk2j,2026-09-02T02:46:16.814Z,1,0,1,0
2026-09-03T07:01:53.455552+00:00,at://did:plc:7kix7wonxqkwiyb2r3ygxw5q/app.bsky.feed.post/3muivmzyqnk2u,2026-09-02T02:36:11.610Z,15,7,1,0
2026-09-03T07:01:53.455552+00:00,at://did:plc:7kix7wonxqkwiyb2r3ygxw5q/app.bsky.feed.post/3muiuxfdiks2m,2026-09-02T02:24:05.309Z,1,0,1,0
2026-09-03T07:01:53.455552+00:00,at://did:plc:7kix7wonxqkwiyb2r3ygxw5q/app.bsky.feed.post/3muiuhwxjck2g,2026-09-02T02:15:26.922Z,1,0,1,0
2026-09-03T07:01:53.455552+00:00,at://did:plc:7kix7wonxqkwiyb2r3ygxw5q/app.bsky.feed.post/3muiubpecok2g,2026-09-02T02:11:57.622Z,2,0,1,0
2026-09-03T07:01:53.455552+00:00,at://did:plc:7kix7wonxqkwiyb2r3ygxw5q/app.bsky.feed.post/3muitonxvyc2h,2026-09-02T02:01:18.637Z,9,1,0,0
2026-09-03T07:01:53.455552+00:00,at://did:plc:7kix7wonxqkwiyb2r3ygxw5q/app.bsky.feed.post/3muitk657u22h,2026-09-02T01:58:47.813Z,9,3,0,0
2026-09-03T07:01:53.455552+00:00,at://did:plc:7kix7wonxqkwiyb2r3ygxw5q/app.bsky.feed.post/3muisarrhj22o,2026-09-02T01:35:39.115Z,1,0,1,0
2026-09-03T07:01:53.455552+00:00,at://did:plc:7kix7wonxqkwiyb2r3ygxw5q/app.bsky.feed.post/3muis32xszs2o,2026-09-02T01:32:27.418Z,2,0,0,0
2026-09-03T07:01:53.455552+00:00,at://did:plc:7kix7wonxqkwiyb2r3ygxw5q/app.bsky.feed.post/3muir7wtvys23,2026-09-02T01:17:17.132Z,2,0,0,0
2026-09-03T07:01:53.455552+00:00,at://did:plc:7kix7wonxqkwiyb2r3ygxw5q/app.bsky.feed.post/3muir45c4ek2i,2026-09-02T01:15:09.657Z,28,7,3,0
2026-09-03T07:01:53.455552+00:00,at://did:plc:7kix7wonxqkwiyb2r3ygxw5q/app.bsky.feed.post/3muiqhqv5uk2a,2026-09-02T01:03:45.573Z,8,1,2,1
2026-09-03T07:01:53.455552+00:00,at://did:plc:7kix7wonxqkwiyb2r3ygxw5q/app.bsky.feed.post/3muiqd563bc2c,2026-09-02T01:01:10.689Z,2,0,1,0
2026-09-03T07:01:53.455552+00:00,at://did:plc:7kix7wonxqkwiyb2r3ygxw5q/app.bsky.feed.post/3muiq7unzis2c,2026-09-02T00:59:21.075Z,14,3,2,1
2026-09-03T07:01:53.455552+00:00,at://did:plc:7kix7wonxqkwiyb2r3ygxw5q/app.bsky.feed.post/3muipkgzit225,2026-09-02T00:47:22.162Z,33,11,3,2
2026-09-03T07:01:53.455552+00:00,at://did:plc:7kix7wonxqkwiyb2r3ygxw5q/app.bsky.feed.post/3muii7l74ps26,2026-09-01T22:36:01.227Z,7,2,1,0
2026-09-03T07:01:53.455552+00:00,at://did:plc:7kix7wonxqkwiyb2r3ygxw5q/app.bsky.feed.post/3muidkgl2sc2v,2026-09-01T21:12:36.787Z,14,4,1,0
2026-09-03T07:01:53.455552+00:00,at://did:plc:7kix7wonxqkwiyb2r3ygxw5q/app.bsky.feed.post/3muicvupv422v,2026-09-01T21:01:06.983Z,0,0,0,0
2026-09-03T07:01:53.455552+00:00,at://did:plc:7kix7wonxqkwiyb2r3ygxw5q/app.bsky.feed.post/3muicqf7gk22v,2026-09-01T20:58:02.943Z,1,0,0,0
2026-09-03T07:01:53.455552+00:00,at://did:plc:7kix7wonxqkwiyb2r3ygxw5q/app.bsky.feed.post/3muicljczn22v,2026-09-01T20:55:19.485Z,1,0,1,0
2026-09-03T07:01:53.455552+00:00,at://did:plc:7kix7wonxqkwiyb2r3ygxw5q/app.bsky.feed.post/3muicjqy4bk2v,2026-09-01T20:54:20.383Z,11,1,3,0
2026-09-03T07:01:53.455552+00:00,at://did:plc:7kix7wonxqkwiyb2r3ygxw5q/app.bsky.feed.post/3muiavdn4o22u,2026-09-01T20:25:01.552Z,12,2,2,0
2026-09-03T07:01:53.455552+00:00,at://did:plc:7kix7wonxqkwiyb2r3ygxw5q/app.bsky.feed.post/3mui3kepwsc2d,2026-09-01T18:49:24.911Z,19,8,3,0
2026-09-03T07:01:53.455552+00:00,at://did:plc:7kix7wonxqkwiyb2r3ygxw5q/app.bsky.feed.post/3muhylchnec2s,2026-09-01T17:56:14.876Z,1,0,0,0
2026-09-03T07:25:11.764347+00:00,at://did:plc:7kix7wonxqkwiyb2r3ygxw5q/app.bsky.feed.post/3mulplv27oc2c,2026-09-03T05:26:09.616Z,4,0,1,0
2026-09-03T07:25:11.764347+00:00,at://did:plc:7kix7wonxqkwiyb2r3ygxw5q/app.bsky.feed.post/3mulnvwtyms22,2026-09-03T04:55:59.592Z,1,0,0,0
2026-09-03T07:25:11.764347+00:00,at://did:plc:7kix7wonxqkwiyb2r3ygxw5q/app.bsky.feed.post/3mulnnuvcac22,2026-09-03T04:51:29.102Z,1,0,1,0
2026-09-03T07:25:11.764347+00:00,at://did:plc:7kix7wonxqkwiyb2r3ygxw5q/app.bsky.feed.post/3mulnbsb6z222,2026-09-03T04:44:43.693Z,1,0,1,0
2026-09-03T07:25:11.764347+00:00,at://did:plc:7kix7wonxqkwiyb2r3ygxw5q/app.bsky.feed.post/3mulhck6m4k22,2026-09-03T02:57:46.321Z,9,2,1,0
2026-09-03T07:25:11.764347+00:00,at://did:plc:7kix7wonxqkwiyb2r3ygxw5q/app.bsky.feed.post/3mulewkmo5k22,2026-09-03T02:15:16.647Z,1,0,0,0
2026-09-03T07:25:11.764347+00:00,at://did:plc:7kix7wonxqkwiyb2r3ygxw5q/app.bsky.feed.post/3muleujj5cc2i,2026-09-03T02:14:08.371Z,1,0,0,0
2026-09-03T07:25:11.764347+00:00,at://did:plc:7kix7wonxqkwiyb2r3ygxw5q/app.bsky.feed.post/3mulejvnpms22,2026-09-03T02:08:12.008Z,1,0,0,0
2026-09-03T07:25:11.764347+00:00,at://did:plc:7kix7wonxqkwiyb2r3ygxw5q/app.bsky.feed.post/3muleiix7b22x,2026-09-03T02:07:25.131Z,1,0,1,0
2026-09-03T07:25:11.764347+00:00,at://did:plc:7kix7wonxqkwiyb2r3ygxw5q/app.bsky.feed.post/3muleddl6js2x,2026-09-03T02:04:31.719Z,1,0,1,0
2026-09-03T07:25:11.764347+00:00,at://did:plc:7kix7wonxqkwiyb2r3ygxw5q/app.bsky.feed.post/3mule2bmbq222,2026-09-03T01:59:27.671Z,1,0,1,0
2026-09-03T07:25:11.764347+00:00,at://did:plc:7kix7wonxqkwiyb2r3ygxw5q/app.bsky.feed.post/3muldpjsypk2x,2026-09-03T01:53:27.181Z,1,0,1,0
2026-09-03T07:25:11.764347+00:00,at://did:plc:7kix7wonxqkwiyb2r3ygxw5q/app.bsky.feed.post/3muldfz4xqc2k,2026-09-03T01:48:07.673Z,1,0,1,0
2026-09-03T07:25:11.764347+00:00,at://did:plc:7kix7wonxqkwiyb2r3ygxw5q/app.bsky.feed.post/3muldbkztwc2z,2026-09-03T01:45:38.676Z,1,0,0,0
2026-09-03T07:25:11.764347+00:00,at://did:plc:7kix7wonxqkwiyb2r3ygxw5q/app.bsky.feed.post/3mulcy2dl522h,2026-09-03T01:40:19.195Z,1,0,1,0
2026-09-03T07:25:11.764347+00:00,at://did:plc:7kix7wonxqkwiyb2r3ygxw5q/app.bsky.feed.post/3mulcwd2cwc2h,2026-09-03T01:39:21.210Z,2,0,0,0
2026-09-03T07:25:11.764347+00:00,at://did:plc:7kix7wonxqkwiyb2r3ygxw5q/app.bsky.feed.post/3mulcckkyps2b,2026-09-03T01:28:18.002Z,2,0,1,0
2026-09-03T07:25:11.764347+00:00,at://did:plc:7kix7wonxqkwiyb2r3ygxw5q/app.bsky.feed.post/3mulc4s2dis2x,2026-09-03T01:25:04.535Z,1,0,1,0
2026-09-03T07:25:11.764347+00:00,at://did:plc:7kix7wonxqkwiyb2r3ygxw5q/app.bsky.feed.post/3mulbzjil2c2x,2026-09-03T01:23:14.873Z,1,0,0,0
2026-09-03T07:25:11.764347+00:00,at://did:plc:7kix7wonxqkwiyb2r3ygxw5q/app.bsky.feed.post/3mulbswco4k2a,2026-09-03T01:19:33.452Z,6,0,0,0
2026-09-03T07:25:11.764347+00:00,at://did:plc:7kix7wonxqkwiyb2r3ygxw5q/app.bsky.feed.post/3mulbmppsnk26,2026-09-03T01:16:05.221Z,1,0,0,0
2026-09-03T07:25:11.764347+00:00,at://did:plc:7kix7wonxqkwiyb2r3ygxw5q/app.bsky.feed.post/3mulbcwvogk26,2026-09-03T01:10:37.202Z,18,8,0,0
2026-09-03T07:25:11.764347+00:00,at://did:plc:7kix7wonxqkwiyb2r3ygxw5q/app.bsky.feed.post/3mulayknosc2v,2026-09-03T01:04:48.820Z,9,4,0,0
2026-09-03T07:25:11.764347+00:00,at://did:plc:7kix7wonxqkwiyb2r3ygxw5q/app.bsky.feed.post/3mulaqvcuac2v,2026-09-03T01:00:31.556Z,5,3,0,0
2026-09-03T07:25:11.764347+00:00,at://did:plc:7kix7wonxqkwiyb2r3ygxw5q/app.bsky.feed.post/3mulacrbxbs2k,2026-09-03T00:52:37.554Z,1,0,0,0
2026-09-03T07:25:11.764347+00:00,at://did:plc:7kix7wonxqkwiyb2r3ygxw5q/app.bsky.feed.post/3mul7d7bldc26,2026-09-03T00:34:58.491Z,9,2,2,0
2026-09-03T07:25:11.764347+00:00,at://did:plc:7kix7wonxqkwiyb2r3ygxw5q/app.bsky.feed.post/3mul6s4mnvc22,2026-09-03T00:25:25.293Z,1,0,1,0
2026-09-03T07:25:11.764347+00:00,at://did:plc:7kix7wonxqkwiyb2r3ygxw5q/app.bsky.feed.post/3mul67onlz22v,2026-09-03T00:15:06.667Z,4,0,1,0
2026-09-03T07:25:11.764347+00:00,at://did:plc:7kix7wonxqkwiyb2r3ygxw5q/app.bsky.feed.post/3mul667ghks2v,2026-09-03T00:14:17.139Z,10,1,1,0
2026-09-03T07:25:11.764347+00:00,at://did:plc:7kix7wonxqkwiyb2r3ygxw5q/app.bsky.feed.post/3mul4yi7oyk22,2026-09-02T23:53:11.299Z,5,0,0,0
2026-09-03T07:25:11.764347+00:00,at://did:plc:7kix7wonxqkwiyb2r3ygxw5q/app.bsky.feed.post/3mul4glsljs22,2026-09-02T23:43:11.084Z,2,0,0,0
2026-09-03T07:25:11.764347+00:00,at://did:plc:7kix7wonxqkwiyb2r3ygxw5q/app.bsky.feed.post/3mul3uyc6gc22,2026-09-02T23:33:20.185Z,7,2,0,0
2026-09-03T07:25:11.764347+00:00,at://did:plc:7kix7wonxqkwiyb2r3ygxw5q/app.bsky.feed.post/3mukyhoyzps2p,2026-09-02T22:32:13.020Z,0,0,0,0
2026-09-03T07:25:11.764347+00:00,at://did:plc:7kix7wonxqkwiyb2r3ygxw5q/app.bsky.feed.post/3mukxwiim522o,2026-09-02T22:22:35.773Z,0,0,0,0
2026-09-03T07:25:11.764347+00:00,at://did:plc:7kix7wonxqkwiyb2r3ygxw5q/app.bsky.feed.post/3mukxlovkic2o,2026-09-02T22:16:33.389Z,7,0,0,0
2026-09-03T07:25:11.764347+00:00,at://did:plc:7kix7wonxqkwiyb2r3ygxw5q/app.bsky.feed.post/3mukx7ssxec2o,2026-09-02T22:09:54.841Z,5,1,0,0
2026-09-03T07:25:11.764347+00:00,at://did:plc:7kix7wonxqkwiyb2r3ygxw5q/app.bsky.feed.post/3mukwtzpzr22n,2026-09-02T22:03:19.431Z,5,1,0,0
2026-09-03T07:25:11.764347+00:00,at://did:plc:7kix7wonxqkwiyb2r3ygxw5q/app.bsky.feed.post/3mukw3r4grs22,2026-09-02T21:49:45.087Z,2,0,1,0
2026-09-03T07:25:11.764347+00:00,at://did:plc:7kix7wonxqkwiyb2r3ygxw5q/app.bsky.feed.post/3mukvx3gx4c22,2026-09-02T21:47:08.155Z,2,0,1,0
2026-09-03T07:25:11.764347+00:00,at://did:plc:7kix7wonxqkwiyb2r3ygxw5q/app.bsky.feed.post/3mukvseywbs2p,2026-09-02T21:44:30.411Z,5,1,0,0
2026-09-03T07:25:11.764347+00:00,at://did:plc:7kix7wonxqkwiyb2r3ygxw5q/app.bsky.feed.post/3mukvaigros2p,2026-09-02T21:34:30.030Z,4,1,0,0
2026-09-03T07:25:11.764347+00:00,at://did:plc:7kix7wonxqkwiyb2r3ygxw5q/app.bsky.feed.post/3mukv36lym22p,2026-09-02T21:31:31.945Z,2,0,1,0
2026-09-03T07:25:11.764347+00:00,at://did:plc:7kix7wonxqkwiyb2r3ygxw5q/app.bsky.feed.post/3mukuzvlvcc2p,2026-09-02T21:30:48.944Z,13,4,0,0
2026-09-03T07:25:11.764347+00:00,at://did:plc:7kix7wonxqkwiyb2r3ygxw5q/app.bsky.feed.post/3mukt5z6m4k2g,2026-09-02T20:57:19.441Z,1,0,0,0
2026-09-03T07:25:11.764347+00:00,at://did:plc:7kix7wonxqkwiyb2r3ygxw5q/app.bsky.feed.post/3mukszerv522g,2026-09-02T20:54:43.837Z,1,0,0,0
2026-09-03T07:25:11.764347+00:00,at://did:plc:7kix7wonxqkwiyb2r3ygxw5q/app.bsky.feed.post/3muksymlnqk2g,2026-09-02T20:54:18.465Z,9,1,2,0
2026-09-03T07:25:11.764347+00:00,at://did:plc:7kix7wonxqkwiyb2r3ygxw5q/app.bsky.feed.post/3mukskocmlc2g,2026-09-02T20:46:30.506Z,1,0,1,0
2026-09-03T07:25:11.764347+00:00,at://did:plc:7kix7wonxqkwiyb2r3ygxw5q/app.bsky.feed.post/3muksjf2ra22g,2026-09-02T20:45:47.249Z,16,3,0,0
2026-09-03T07:25:11.764347+00:00,at://did:plc:7kix7wonxqkwiyb2r3ygxw5q/app.bsky.feed.post/3mukqw53n722r,2026-09-02T20:17:07.614Z,7,1,0,0
2026-09-03T07:25:11.764347+00:00,at://did:plc:7kix7wonxqkwiyb2r3ygxw5q/app.bsky.feed.post/3mukqmgrmhc26,2026-09-02T20:11:42.209Z,12,1,2,0
2026-09-03T07:25:11.764347+00:00,at://did:plc:7kix7wonxqkwiyb2r3ygxw5q/app.bsky.feed.post/3mukpncydy226,2026-09-02T19:54:18.042Z,8,1,0,0
2026-09-03T07:25:11.764347+00:00,at://did:plc:7kix7wonxqkwiyb2r3ygxw5q/app.bsky.feed.post/3muki3giv3s22,2026-09-02T17:39:01.588Z,9,3,1,0
2026-09-03T07:25:11.764347+00:00,at://did:plc:7kix7wonxqkwiyb2r3ygxw5q/app.bsky.feed.post/3mukgwxxj2k22,2026-09-02T17:18:38.378Z,72,9,10,6
2026-09-03T07:25:11.764347+00:00,at://did:plc:7kix7wonxqkwiyb2r3ygxw5q/app.bsky.feed.post/3mukg4fmi4s2o,2026-09-02T17:03:46.727Z,0,0,0,0
2026-09-03T07:25:11.764347+00:00,at://did:plc:7kix7wonxqkwiyb2r3ygxw5q/app.bsky.feed.post/3mukfqcc5xk2o,2026-09-02T16:57:00.563Z,1,0,1,0
2026-09-03T07:25:11.764347+00:00,at://did:plc:7kix7wonxqkwiyb2r3ygxw5q/app.bsky.feed.post/3mukdco4h522s,2026-09-02T16:13:35.736Z,8,3,1,0
2026-09-03T07:25:11.764347+00:00,at://did:plc:7kix7wonxqkwiyb2r3ygxw5q/app.bsky.feed.post/3mukczr5dmc2s,2026-09-02T16:08:36.913Z,14,6,1,0
2026-09-03T07:25:11.764347+00:00,at://did:plc:7kix7wonxqkwiyb2r3ygxw5q/app.bsky.feed.post/3mukcftzw5k2s,2026-09-02T15:57:28.868Z,6,3,0,0
2026-09-03T07:25:11.764347+00:00,at://did:plc:7kix7wonxqkwiyb2r3ygxw5q/app.bsky.feed.post/3muk6wuot2c2e,2026-09-02T14:55:25.010Z,4,1,0,0
2026-09-03T07:25:11.764347+00:00,at://did:plc:7kix7wonxqkwiyb2r3ygxw5q/app.bsky.feed.post/3muk3sl5etc2s,2026-09-02T13:59:19.559Z,8,3,0,0
2026-09-03T07:25:11.764347+00:00,at://did:plc:7kix7wonxqkwiyb2r3ygxw5q/app.bsky.feed.post/3mujzn2h6vc2w,2026-09-02T13:20:26.802Z,1,0,0,0
2026-09-03T07:25:11.764347+00:00,at://did:plc:7kix7wonxqkwiyb2r3ygxw5q/app.bsky.feed.post/3mujzkiu7522w,2026-09-02T13:19:01.235Z,0,0,0,0
2026-09-03T07:25:11.764347+00:00,at://did:plc:7kix7wonxqkwiyb2r3ygxw5q/app.bsky.feed.post/3mujypq275s2v,2026-09-02T13:04:02.807Z,6,1,1,0
2026-09-03T07:25:11.764347+00:00,at://did:plc:7kix7wonxqkwiyb2r3ygxw5q/app.bsky.feed.post/3mujx2wdpcc2v,2026-09-02T12:34:31.029Z,5,1,0,0
2026-09-03T07:25:11.764347+00:00,at://did:plc:7kix7wonxqkwiyb2r3ygxw5q/app.bsky.feed.post/3mujwqne5hk2v,2026-09-02T12:28:46.060Z,7,1,0,0
2026-09-03T07:25:11.764347+00:00,at://did:plc:7kix7wonxqkwiyb2r3ygxw5q/app.bsky.feed.post/3muiw736hvk2j,2026-09-02T02:46:16.814Z,1,0,1,0
2026-09-03T07:25:11.764347+00:00,at://did:plc:7kix7wonxqkwiyb2r3ygxw5q/app.bsky.feed.post/3muivmzyqnk2u,2026-09-02T02:36:11.610Z,15,7,1,0
2026-09-03T07:25:11.764347+00:00,at://did:plc:7kix7wonxqkwiyb2r3ygxw5q/app.bsky.feed.post/3muiuxfdiks2m,2026-09-02T02:24:05.309Z,1,0,1,0
2026-09-03T07:25:11.764347+00:00,at://did:plc:7kix7wonxqkwiyb2r3ygxw5q/app.bsky.feed.post/3muiuhwxjck2g,2026-09-02T02:15:26.922Z,1,0,1,0
2026-09-03T07:25:11.764347+00:00,at://did:plc:7kix7wonxqkwiyb2r3ygxw5q/app.bsky.feed.post/3muiubpecok2g,2026-09-02T02:11:57.622Z,2,0,1,0
2026-09-03T07:25:11.764347+00:00,at://did:plc:7kix7wonxqkwiyb2r3ygxw5q/app.bsky.feed.post/3muitonxvyc2h,2026-09-02T02:01:18.637Z,9,1,0,0
2026-09-03T07:25:11.764347+00:00,at://did:plc:7kix7wonxqkwiyb2r3ygxw5q/app.bsky.feed.post/3muitk657u22h,2026-09-02T01:58:47.813Z,9,3,0,0
2026-09-03T07:25:11.764347+00:00,at://did:plc:7kix7wonxqkwiyb2r3ygxw5q/app.bsky.feed.post/3muisarrhj22o,2026-09-02T01:35:39.115Z,1,0,1,0
2026-09-03T07:25:11.764347+00:00,at://did:plc:7kix7wonxqkwiyb2r3ygxw5q/app.bsky.feed.post/3muis32xszs2o,2026-09-02T01:32:27.418Z,2,0,0,0
2026-09-03T07:25:11.764347+00:00,at://did:plc:7kix7wonxqkwiyb2r3ygxw5q/app.bsky.feed.post/3muir7wtvys23,2026-09-02T01:17:17.132Z,2,0,0,0
2026-09-03T07:25:11.764347+00:00,at://did:plc:7kix7wonxqkwiyb2r3ygxw5q/app.bsky.feed.post/3muir45c4ek2i,2026-09-02T01:15:09.657Z,28,7,3,0
2026-09-03T07:25:11.764347+00:00,at://did:plc:7kix7wonxqkwiyb2r3ygxw5q/app.bsky.feed.post/3muiqhqv5uk2a,2026-09-02T01:03:45.573Z,8,1,2,1
2026-09-03T07:25:11.764347+00:00,at://did:plc:7kix7wonxqkwiyb2r3ygxw5q/app.bsky.feed.post/3muiqd563bc2c,2026-09-02T01:01:10.689Z,2,0,1,0
2026-09-03T07:25:11.764347+00:00,at://did:plc:7kix7wonxqkwiyb2r3ygxw5q/app.bsky.feed.post/3muiq7unzis2c,2026-09-02T00:59:21.075Z,14,3,2,1
2026-09-03T07:25:11.764347+00:00,at://did:plc:7kix7wonxqkwiyb2r3ygxw5q/app.bsky.feed.post/3muipkgzit225,2026-09-02T00:47:22.162Z,33,11,3,2
2026-09-03T07:25:11.764347+00:00,at://did:plc:7kix7wonxqkwiyb2r3ygxw5q/app.bsky.feed.post/3muii7l74ps26,2026-09-01T22:36:01.227Z,7,2,1,0
2026-09-03T07:25:11.764347+00:00,at://did:plc:7kix7wonxqkwiyb2r3ygxw5q/app.bsky.feed.post/3muidkgl2sc2v,2026-09-01T21:12:36.787Z,14,4,1,0
2026-09-03T07:25:11.764347+00:00,at://did:plc:7kix7wonxqkwiyb2r3ygxw5q/app.bsky.feed.post/3muicvupv422v,2026-09-01T21:01:06.983Z,0,0,0,0
2026-09-03T07:25:11.764347+00:00,at://did:plc:7kix7wonxqkwiyb2r3ygxw5q/app.bsky.feed.post/3muicqf7gk22v,2026-09-01T20:58:02.943Z,1,0,0,0
2026-09-03T07:25:11.764347+00:00,at://did:plc:7kix7wonxqkwiyb2r3ygxw5q/app.bsky.feed.post/3muicljczn22v,2026-09-01T20:55:19.485Z,1,0,1,0
2026-09-03T07:25:11.764347+00:00,at://did:plc:7kix7wonxqkwiyb2r3ygxw5q/app.bsky.feed.post/3muicjqy4bk2v,2026-09-01T20:54:20.383Z,11,1,3,0
2026-09-03T07:25:11.764347+00:00,at://did:plc:7kix7wonxqkwiyb2r3ygxw5q/app.bsky.feed.post/3muiavdn4o22u,2026-09-01T20:25:01.552Z,12,2,2,0
2026-09-03T07:25:11.764347+00:00,at://did:plc:7kix7wonxqkwiyb2r3ygxw5q/app.bsky.feed.post/3mui3kepwsc2d,2026-09-01T18:49:24.911Z,19,8,3,0
2026-09-03T07:25:11.764347+00:00,at://did:plc:7kix7wonxqkwiyb2r3ygxw5q/app.bsky.feed.post/3muhylchnec2s,2026-09-01T17:56:14.876Z,1,0,0,0
